date,twse_close,tsmc_close,nasdaq_close,nvidia_close,sox_close
2022-01-03,18270.509765625,631.0,15832.7998046875,30.121000289916992,4027.219970703125
2022-01-04,18526.349609375,656.0,15622.7197265625,29.290000915527344,4009.0
2022-01-05,18499.9609375,650.0,15100.169921875,27.604000091552734,3879.8701171875
2022-01-06,18367.919921875,644.0,15080.8603515625,28.17799949645996,3909.0400390625
2022-01-07,18169.759765625,634.0,14935.900390625,27.246999740600582,3796.320068359375
2022-01-10,18239.380859375,643.0,14942.830078125,27.399999618530273,3805.389892578125
2022-01-11,18288.2109375,651.0,15153.4501953125,27.816999435424805,3875.43994140625
2022-01-12,18375.400390625,660.0,15188.3896484375,27.999000549316406,3901.2099609375
2022-01-13,18436.9296875,661.0,14806.8095703125,26.575000762939453,3811.840087890625
2022-01-14,18403.330078125,672.0,14893.75,26.941999435424805,3900.610107421875
2022-01-17,18525.439453125,683.0,,,
2022-01-18,18378.640625,662.0,14506.900390625,25.902999877929688,3727.239990234375
2022-01-19,18227.4609375,654.0,14340.259765625,25.066999435424805,3612.18994140625
2022-01-20,18218.279296875,651.0,14154.01953125,24.149999618530273,3494.75
2022-01-21,17899.30078125,641.0,13768.919921875,23.374000549316406,3434.7900390625
2022-01-24,17989.0390625,653.0,13855.1298828125,23.371999740600582,3479.949951171875
2022-01-25,17701.119140625,641.0,13539.2900390625,22.323999404907227,3350.85009765625
2022-01-26,17674.400390625,636.0,13542.1201171875,22.77199935913086,3407.0
2022-01-27,,,13352.7802734375,21.944000244140625,3244.0
2022-01-28,,,13770.5703125,22.84000015258789,3303.39990234375
2022-01-31,,,14239.8798828125,24.486000061035156,3483.2099609375
2022-02-01,,,14346.0,24.63800048828125,3510.860107421875
2022-02-02,,,14417.5498046875,25.242000579833984,3597.169921875
2022-02-03,,,13878.8203125,23.947999954223633,3432.550048828125
2022-02-04,,,14098.009765625,24.319000244140625,3453.070068359375
2022-02-07,17900.30078125,635.0,14015.669921875,24.72800064086914,3452.330078125
2022-02-08,17966.560546875,628.0,14194.4501953125,25.107999801635746,3535.1298828125
2022-02-09,18151.759765625,633.0,14490.3701171875,26.704999923706055,3653.719970703125
2022-02-10,18338.05078125,649.0,14185.6396484375,25.823999404907227,3536.10009765625
2022-02-11,18310.939453125,650.0,13791.150390625,23.948999404907227,3365.25
2022-02-14,17997.669921875,637.0,13790.919921875,24.267000198364254,3370.199951171875
2022-02-15,17951.810546875,633.0,14139.759765625,26.4950008392334,3554.449951171875
2022-02-16,18231.470703125,646.0,14124.08984375,26.51099967956543,3555.68994140625
2022-02-17,18268.5703125,645.0,13716.7197265625,24.506999969482425,3422.60009765625
2022-02-18,18232.349609375,637.0,13548.0703125,23.642000198364254,3384.300048828125
2022-02-21,18221.490234375,632.0,,,
2022-02-22,17969.2890625,627.0,13381.51953125,23.38999938964844,3356.070068359375
2022-02-23,18055.73046875,625.0,13037.490234375,22.386999130249023,3277.800048828125
2022-02-24,17594.55078125,604.0,13473.58984375,23.74799919128418,3399.159912109375
2022-02-25,17652.1796875,604.0,13694.6201171875,24.156999588012695,3452.669921875
2022-02-28,,,13751.400390625,24.385000228881836,3429.530029296875
2022-03-01,17898.25,604.0,13532.4599609375,23.47699928283691,3304.85009765625
2022-03-02,17867.599609375,601.0,13752.01953125,24.219999313354492,3416.159912109375
2022-03-03,17934.400390625,602.0,13537.9404296875,23.714000701904297,3339.760009765625
2022-03-04,17736.51953125,595.0,13313.4404296875,22.93600082397461,3258.919921875
2022-03-07,17178.689453125,576.0,12830.9599609375,21.35199928283691,3098.929931640625
2022-03-08,16825.25,563.0,12795.5498046875,21.513999938964844,3156.8701171875
2022-03-09,17015.359375,568.0,13255.5498046875,23.013999938964844,3282.179931640625
2022-03-10,17433.19921875,587.0,13129.9599609375,22.65800094604492,3211.070068359375
2022-03-11,17264.740234375,575.0,12843.8095703125,22.100000381469727,3144.14990234375
2022-03-14,17263.0390625,572.0,12581.2197265625,21.329999923706055,3047.5
2022-03-15,16926.060546875,558.0,12948.6201171875,22.972999572753903,3180.239990234375
2022-03-16,16940.830078125,558.0,13436.5498046875,24.496000289916992,3340.070068359375
2022-03-17,17448.220703125,582.0,13614.7802734375,24.766000747680664,3364.550048828125
2022-03-18,17456.51953125,581.0,13893.83984375,26.45299911499023,3432.300048828125
2022-03-21,17560.359375,586.0,13838.4599609375,26.733999252319336,3423.239990234375
2022-03-22,17559.7109375,583.0,14108.8203125,26.52400016784668,3445.85009765625
2022-03-23,17731.369140625,590.0,13922.599609375,25.63400077819824,3360.320068359375
2022-03-24,17699.060546875,591.0,14191.83984375,28.149999618530273,3532.719970703125
2022-03-25,17676.94921875,598.0,14169.2998046875,27.691999435424805,3525.340087890625
2022-03-28,17520.009765625,584.0,14354.900390625,28.2189998626709,3547.169921875
2022-03-29,17548.66015625,589.0,14619.6396484375,28.6560001373291,3625.580078125
2022-03-30,17740.560546875,600.0,14442.26953125,27.690000534057617,3508.6201171875
2022-03-31,17693.470703125,597.0,14220.51953125,27.285999298095703,3429.0
2022-04-01,17625.58984375,589.0,14261.5,26.711999893188477,3366.639892578125
2022-04-04,,,14532.5498046875,27.36000061035156,3424.949951171875
2022-04-05,,,14204.169921875,25.930999755859375,3269.820068359375
2022-04-06,17522.5,578.0,13888.8203125,24.406999588012695,3193.9599609375
2022-04-07,17178.630859375,566.0,13897.2998046875,24.20800018310547,3197.43994140625
2022-04-08,17284.5390625,567.0,13711.0,23.118999481201172,3120.159912109375
2022-04-11,17048.369140625,558.0,13411.9599609375,21.91699981689453,3055.090087890625
2022-04-12,16990.91015625,557.0,13371.5703125,21.503999710083008,3047.469970703125
2022-04-13,17301.650390625,573.0,13643.58984375,22.20299911499023,3119.320068359375
2022-04-14,17245.650390625,573.0,13351.080078125,21.257999420166016,3028.219970703125
2022-04-15,17004.1796875,562.0,,,
2022-04-18,16898.869140625,561.0,13332.3603515625,21.78300094604492,3085.18994140625
2022-04-19,16993.400390625,565.0,13619.66015625,22.197999954223633,3153.22998046875
2022-04-20,17148.880859375,570.0,13453.0703125,21.48200035095215,3142.199951171875
2022-04-21,17127.94921875,565.0,13174.650390625,20.183000564575195,3058.739990234375
2022-04-22,17025.08984375,558.0,12839.2900390625,19.51499938964844,2989.830078125
2022-04-25,16620.900390625,547.0,13004.849609375,19.902000427246097,3042.389892578125
2022-04-26,16644.7890625,546.0,12490.740234375,18.788000106811523,2909.1201171875
2022-04-27,16303.349609375,526.0,12488.9296875,18.415000915527344,2894.909912109375
2022-04-28,16419.380859375,531.0,12871.5302734375,19.781999588012695,3056.360107421875
2022-04-29,16592.1796875,538.0,12334.6396484375,18.54700088500977,2919.739990234375
2022-05-02,,,12536.01953125,19.53300094604492,3022.239990234375
2022-05-03,16498.900390625,531.0,12563.759765625,19.60199928283691,3044.889892578125
2022-05-04,16565.830078125,534.0,12964.8603515625,20.333999633789062,3163.7900390625
2022-05-05,16696.119140625,542.0,12317.6904296875,18.8439998626709,3005.530029296875
2022-05-06,16408.19921875,528.0,12144.66015625,18.674999237060547,2982.06005859375
2022-05-09,16048.919921875,520.0,11623.25,16.950000762939453,2829.10009765625
2022-05-10,16061.7001953125,518.0,11737.669921875,17.594999313354492,2900.1298828125
2022-05-11,16006.25,521.0,11364.240234375,16.6299991607666,2811.93994140625
2022-05-12,15616.6796875,505.0,11370.9599609375,16.174999237060547,2827.2099609375
2022-05-13,15832.5400390625,511.0,11805.0,17.70599937438965,2970.3701171875
2022-05-16,15901.0400390625,520.0,11662.7900390625,17.263999938964844,2920.06005859375
2022-05-17,16056.08984375,530.0,11984.51953125,18.177000045776367,3066.5
2022-05-18,16296.8603515625,538.0,11418.150390625,16.937999725341797,2907.9599609375
2022-05-19,16020.3203125,522.0,11388.5,17.124000549316406,2890.330078125
2022-05-20,16144.849609375,530.0,11354.6201171875,16.694000244140625,2882.64990234375
2022-05-23,16156.41015625,528.0,11535.26953125,16.898000717163086,2898.429931640625
2022-05-24,15963.6298828125,520.0,11264.4501953125,16.15399932861328,2827.050048828125
2022-05-25,16104.0302734375,524.0,11434.740234375,16.975000381469727,2882.929931640625
2022-05-26,15968.830078125,514.0,11740.650390625,17.85099983215332,2994.610107421875
2022-05-27,16266.2197265625,530.0,12131.1298828125,18.81100082397461,3115.35009765625
2022-05-30,16610.619140625,547.0,,,
2022-05-31,16807.76953125,560.0,12081.3896484375,18.67200088500977,3098.68994140625
2022-06-01,16675.08984375,549.0,11994.4599609375,18.31999969482422,3049.030029296875
2022-06-02,16552.5703125,540.0,12316.900390625,19.59199905395508,3157.97998046875
2022-06-03,,,12012.73046875,18.719999313354492,3062.590087890625
2022-06-06,16605.9609375,540.0,12061.3701171875,18.785999298095703,3062.739990234375
2022-06-07,16512.880859375,535.0,12175.23046875,18.926000595092773,3092.969970703125
2022-06-08,16670.509765625,544.0,12086.26953125,18.64800071716309,3019.10009765625
2022-06-09,16621.33984375,541.0,11754.23046875,18.04800033569336,2937.7900390625
2022-06-10,16460.119140625,530.0,11340.01953125,16.974000930786133,2831.97998046875
2022-06-13,16070.98046875,516.0,10809.23046875,15.647000312805176,2673.0
2022-06-14,16047.3701171875,513.0,10828.349609375,15.836000442504885,2689.889892578125
2022-06-15,15999.25,509.0,11099.150390625,16.527000427246094,2737.550048828125
2022-06-16,15838.6103515625,508.0,10646.099609375,15.60099983215332,2566.860107421875
2022-06-17,15641.259765625,501.0,10798.349609375,15.880000114440918,2578.5400390625
2022-06-20,15367.580078125,498.0,,,
2022-06-21,15728.6396484375,505.0,11069.2998046875,16.56599998474121,2649.3701171875
2022-06-22,15347.75,494.5,11053.080078125,16.360000610351562,2619.7099609375
2022-06-23,15176.4404296875,485.5,11232.1904296875,16.225000381469727,2602.739990234375
2022-06-24,15303.3203125,486.5,11607.6201171875,17.125999450683594,2718.469970703125
2022-06-27,15548.009765625,498.5,11524.5498046875,16.868999481201172,2713.47998046875
2022-06-28,15439.919921875,497.5,11181.5400390625,15.982000350952148,2642.070068359375
2022-06-29,15240.1298828125,491.0,11177.8896484375,15.541999816894531,2583.97998046875
2022-06-30,14825.73046875,476.0,11028.740234375,15.159000396728516,2556.25
2022-07-01,14343.080078125,453.5,11127.849609375,14.52299976348877,2458.4599609375
2022-07-04,14217.0595703125,440.0,,,
2022-07-05,14349.2001953125,446.0,11322.240234375,14.96399974822998,2477.639892578125
2022-07-06,13985.509765625,435.5,11361.849609375,15.130000114440918,2494.110107421875
2022-07-07,14336.26953125,457.5,11621.349609375,15.857999801635742,2605.889892578125
2022-07-08,14464.5302734375,467.0,11635.3095703125,15.838000297546388,2618.02001953125
2022-07-11,14340.5302734375,462.0,11372.599609375,15.152000427246094,2553.68994140625
2022-07-12,13950.6201171875,449.5,11264.73046875,15.08199977874756,2558.169921875
2022-07-13,14324.6796875,470.5,11247.580078125,15.163999557495115,2577.360107421875
2022-07-14,14438.51953125,475.0,11251.1904296875,15.371999740600586,2626.919921875
2022-07-15,14550.6201171875,492.5,11452.419921875,15.76200008392334,2693.77001953125
2022-07-18,14719.6396484375,495.5,11360.0498046875,16.10099983215332,2679.570068359375
2022-07-19,14694.080078125,491.0,11713.150390625,16.992000579833984,2803.139892578125
2022-07-20,14733.2197265625,495.0,11897.650390625,17.80699920654297,2872.9599609375
2022-07-21,14937.7001953125,501.0,12059.6103515625,18.049999237060547,2916.81005859375
2022-07-22,14949.3603515625,503.0,11834.1103515625,17.319000244140625,2842.409912109375
2022-07-25,14936.330078125,499.5,11782.669921875,17.02400016784668,2825.030029296875
2022-07-26,14806.7802734375,495.0,11562.5703125,16.533000946044922,2778.9599609375
2022-07-27,14921.58984375,502.0,12032.419921875,17.790000915527344,2911.0
2022-07-28,14891.900390625,501.0,12162.58984375,17.983999252319336,2944.5
2022-07-29,15000.0703125,509.0,12390.6904296875,18.163000106811523,2967.139892578125
2022-08-01,14981.6904296875,504.0,12368.98046875,18.44099998474121,2978.320068359375
2022-08-02,14747.23046875,492.0,12348.759765625,18.525999069213867,2974.75
2022-08-03,14777.01953125,501.0,12668.16015625,18.89299964904785,3053.4599609375
2022-08-04,14702.2001953125,500.0,12720.580078125,19.21500015258789,3081.409912109375
2022-08-05,15036.0400390625,516.0,12657.5498046875,18.98900032043457,3053.389892578125
2022-08-08,15020.41015625,512.0,12644.4599609375,17.792999267578125,3004.340087890625
2022-08-09,15050.2802734375,510.0,12493.9296875,17.086000442504883,2866.89990234375
2022-08-10,14939.01953125,500.0,12854.7998046875,18.097000122070312,2988.7099609375
2022-08-11,15197.849609375,514.0,12779.91015625,17.941999435424805,2978.699951171875
2022-08-12,15288.9697265625,517.0,13047.1904296875,18.708999633789062,3067.840087890625
2022-08-15,15417.349609375,523.0,13128.0498046875,19.031999588012695,3077.330078125
2022-08-16,15420.5703125,525.0,13102.5498046875,18.878999710083008,3045.639892578125
2022-08-17,15465.4501953125,527.0,12938.1201171875,18.334999084472656,2970.1201171875
2022-08-18,15396.759765625,520.0,12965.33984375,18.77300071716309,3037.840087890625
2022-08-19,15408.7802734375,519.0,12705.2197265625,17.849000930786133,2953.340087890625
2022-08-22,15245.1396484375,512.0,12381.5703125,17.034000396728516,2843.3701171875
2022-08-23,15095.8896484375,504.0,12381.2998046875,17.180999755859375,2864.31005859375
2022-08-24,15069.1904296875,503.0,12431.5302734375,17.222000122070312,2866.179931640625
2022-08-25,15200.0400390625,508.0,12639.26953125,17.913000106811523,2971.070068359375
2022-08-26,15278.4404296875,512.0,12141.7099609375,16.260000228881836,2798.43994140625
2022-08-29,14926.1904296875,498.5,12017.669921875,15.800999641418455,2744.5
2022-08-30,14953.6298828125,496.0,11883.1396484375,15.468000411987305,2708.6298828125
2022-08-31,15095.4404296875,505.0,11816.2001953125,15.093999862670898,2677.389892578125
2022-09-01,14801.8603515625,490.5,11785.1298828125,13.937000274658203,2625.949951171875
2022-09-02,14673.0400390625,485.0,11630.8603515625,13.647000312805176,2599.260009765625
2022-09-05,14661.099609375,486.0,,,
2022-09-06,14677.2001953125,489.0,11544.91015625,13.46500015258789,2571.469970703125
2022-09-07,14410.0498046875,472.5,11791.900390625,13.71399974822998,2611.5
2022-09-08,14583.419921875,475.0,11862.1298828125,13.989999771118164,2658.179931640625
2022-09-09,,,12112.3095703125,14.38700008392334,2721.77001953125
2022-09-12,14807.4296875,486.5,12266.41015625,14.505000114440918,2731.090087890625
2022-09-13,14894.41015625,493.0,11633.5703125,13.130999565124512,2562.27001953125
2022-09-14,14658.3095703125,480.0,11719.6796875,13.128000259399414,2591.510009765625
2022-09-15,14670.0400390625,476.5,11552.3603515625,12.928999900817873,2549.5400390625
2022-09-16,14561.759765625,472.0,11448.400390625,13.197999954223633,2563.139892578125
2022-09-19,14425.6796875,467.0,11535.01953125,13.381999969482422,2577.93994140625
2022-09-20,14549.2998046875,476.5,11425.0498046875,13.175999641418455,2539.5
2022-09-21,14424.51953125,471.0,11220.1904296875,13.26099967956543,2514.9599609375
2022-09-22,14284.6298828125,464.5,11066.8095703125,12.560999870300291,2444.25
2022-09-23,14118.3798828125,455.0,10867.9296875,12.515999794006348,2408.89990234375
2022-09-26,13778.1904296875,446.5,10802.919921875,12.227999687194824,2373.469970703125
2022-09-27,13826.58984375,448.0,10829.5,12.413000106811523,2398.0400390625
2022-09-28,13466.0703125,438.0,11051.6396484375,12.736000061035156,2427.260009765625
2022-09-29,13534.259765625,435.0,10737.509765625,12.220000267028809,2347.360107421875
2022-09-30,13424.580078125,422.0,10575.6201171875,12.138999938964844,2306.699951171875
2022-10-03,13300.48046875,417.0,10815.4296875,12.51200008392334,2393.320068359375
2022-10-04,13576.51953125,429.0,11176.41015625,13.166999816894531,2500.110107421875
2022-10-05,13801.4296875,445.0,11148.6396484375,13.208999633789062,2523.610107421875
2022-10-06,13892.0498046875,451.0,11073.3095703125,13.130000114440918,2508.840087890625
2022-10-07,13702.2802734375,438.0,10652.400390625,12.076000213623049,2356.75
2022-10-10,,,10542.099609375,11.670000076293944,2275.340087890625
2022-10-11,13106.0302734375,401.5,10426.1904296875,11.586000442504885,2218.489990234375
2022-10-12,13081.240234375,397.5,10417.099609375,11.5,2198.60009765625
2022-10-13,12810.73046875,395.0,10649.150390625,11.960000038146973,2263.239990234375
2022-10-14,13128.1201171875,412.0,10321.3896484375,11.22700023651123,2162.320068359375
2022-10-17,12966.0498046875,397.0,10675.7998046875,11.887999534606934,2211.659912109375
2022-10-18,13124.6796875,407.0,10772.400390625,11.967000007629396,2220.9599609375
2022-10-19,12976.759765625,395.5,10680.509765625,12.050999641418455,2237.739990234375
2022-10-20,12946.099609375,397.5,10614.83984375,12.194000244140623,2253.219970703125
2022-10-21,12819.2001953125,389.5,10859.7197265625,12.465999603271484,2336.68994140625
2022-10-24,12856.98046875,387.0,10952.6103515625,12.598999977111816,2351.550048828125
2022-10-25,12666.1201171875,371.0,11199.1201171875,13.26099967956543,2404.68994140625
2022-10-26,12729.0498046875,376.0,10970.990234375,12.895999908447266,2376.330078125
2022-10-27,12926.3701171875,385.5,10792.669921875,13.175999641418455,2340.60009765625
2022-10-28,12788.419921875,379.5,11102.4501953125,13.833999633789062,2433.659912109375
2022-10-31,12949.75,390.0,10988.150390625,13.496999740600586,2384.449951171875
2022-11-01,13037.2099609375,391.5,10890.849609375,13.54300022125244,2402.75
2022-11-02,13100.169921875,395.0,10524.7998046875,13.218999862670898,2328.469970703125
2022-11-03,12986.599609375,384.0,10342.9404296875,13.42099952697754,2292.85009765625
2022-11-04,13026.7099609375,382.0,10475.25,14.156000137329102,2398.239990234375
2022-11-07,13223.73046875,390.0,10564.51953125,14.300999641418455,2450.6201171875
2022-11-08,13347.759765625,399.0,10616.2001953125,14.60200023651123,2503.389892578125
2022-11-09,13638.8095703125,417.0,10353.169921875,13.776000022888184,2424.820068359375
2022-11-10,13503.759765625,407.5,11114.150390625,15.75,2672.5
2022-11-11,14007.5595703125,441.5,11323.330078125,16.32699966430664,2754.89990234375
2022-11-14,14174.900390625,445.0,11196.2197265625,16.295000076293945,2728.050048828125
2022-11-15,14546.3095703125,480.0,11358.41015625,16.666000366210938,2810.610107421875
2022-11-16,14537.349609375,487.0,11183.66015625,15.90999984741211,2690.820068359375
2022-11-17,14535.23046875,485.0,11144.9599609375,15.677000045776367,2719.10009765625
2022-11-18,14504.990234375,487.0,11146.0595703125,15.409000396728516,2724.030029296875
2022-11-21,14449.3896484375,482.0,11024.509765625,15.31700038909912,2675.830078125
2022-11-22,14542.2001953125,491.0,11174.41015625,16.038000106811523,2756.820068359375
2022-11-23,14608.5400390625,492.0,11285.3203125,16.518999099731445,2786.419921875
2022-11-24,14784.0,496.0,,,
2022-11-25,14778.509765625,498.0,11226.3603515625,16.270000457763672,2751.27001953125
2022-11-28,14556.8701171875,480.5,11049.5,15.82699966430664,2678.780029296875
2022-11-29,14709.6396484375,487.0,10983.7802734375,15.638999938964844,2670.64990234375
2022-11-30,14879.5498046875,490.0,11468.0,16.92300033569336,2826.85009765625
2022-12-01,15012.7998046875,498.5,11482.4501953125,17.135000228881836,2804.699951171875
2022-12-02,14970.6796875,492.5,11461.5,16.875999450683594,2771.239990234375
2022-12-05,14980.740234375,489.0,11239.9404296875,16.610000610351562,2738.050048828125
2022-12-06,14728.8798828125,478.0,11014.8896484375,15.987000465393066,2673.530029296875
2022-12-07,14630.009765625,475.0,10958.5498046875,16.1200008392334,2673.25
2022-12-08,14553.0400390625,471.5,11082.0,17.16900062561035,2744.72998046875
2022-12-09,14705.4296875,481.5,11004.6201171875,17.000999450683594,2721.02001953125
2022-12-12,14612.58984375,475.0,11143.740234375,17.53499984741211,2779.2099609375
2022-12-13,14522.9599609375,471.5,11256.8095703125,18.07200050354004,2821.530029296875
2022-12-14,14739.3603515625,480.5,11170.8896484375,17.673999786376953,2777.27001953125
2022-12-15,14734.1298828125,480.5,10810.5302734375,16.95199966430664,2661.409912109375
2022-12-16,14528.5498046875,471.0,10705.41015625,16.570999145507812,2636.10009765625
2022-12-19,14433.3203125,466.5,10546.0302734375,16.253999710083008,2599.860107421875
2022-12-20,14170.0302734375,457.5,10547.1103515625,16.084999084472656,2583.639892578125
2022-12-21,14234.400390625,459.0,10709.3701171875,16.500999450683594,2644.5
2022-12-22,14442.9404296875,468.0,10476.1201171875,15.33899974822998,2533.330078125
2022-12-23,14271.6298828125,455.0,10497.8603515625,15.206000328063965,2535.489990234375
2022-12-26,14285.1298828125,456.5,,,
2022-12-27,14328.4296875,457.0,10353.23046875,14.121000289916992,2490.169921875
2022-12-28,14173.099609375,451.0,10213.2900390625,14.03600025177002,2453.489990234375
2022-12-29,14085.01953125,446.0,10478.08984375,14.602999687194824,2534.949951171875
2022-12-30,14137.6904296875,448.5,10466.48046875,14.61400032043457,2532.110107421875
2023-01-03,14224.1201171875,453.0,10386.98046875,14.3149995803833,2500.989990234375
2023-01-04,14199.1298828125,449.5,10458.759765625,14.74899959564209,2569.4599609375
2023-01-05,14301.0498046875,458.5,10305.240234375,14.265000343322754,2518.52001953125
2023-01-06,14373.33984375,458.5,10569.2900390625,14.859000205993652,2636.10009765625
2023-01-09,14752.2099609375,481.0,10635.650390625,15.628000259399414,2686.75
2023-01-10,14802.9599609375,486.0,10742.6298828125,15.909000396728516,2721.2900390625
2023-01-11,14751.4404296875,484.5,10931.669921875,16.000999450683594,2755.360107421875
2023-01-12,14731.6396484375,486.5,11001.099609375,16.51099967956543,2789.64990234375
2023-01-13,14824.1298828125,500.0,11079.16015625,16.89900016784668,2800.659912109375
2023-01-16,14927.009765625,505.0,,,
2023-01-17,14932.9296875,503.0,11095.1103515625,17.70199966430664,2807.47998046875
2023-01-18,,,10957.009765625,17.37700080871582,2789.469970703125
2023-01-19,,,10852.26953125,16.764999389648438,2710.43994140625
2023-01-20,,,11140.4296875,17.839000701904297,2794.68994140625
2023-01-23,,,11364.41015625,19.19300079345703,2934.830078125
2023-01-24,,,11334.26953125,19.26499938964844,2913.739990234375
2023-01-25,,,11313.3603515625,19.322999954223633,2918.989990234375
2023-01-26,,,11512.41015625,19.802000045776367,2966.60009765625
2023-01-27,,,11621.7099609375,20.364999771118164,2945.27001953125
2023-01-30,15493.8203125,543.0,11393.8095703125,19.16200065612793,2866.68994140625
2023-01-31,15265.2001953125,522.0,11584.5498046875,19.53700065612793,2921.919921875
2023-02-01,15420.1298828125,530.0,11816.3203125,20.94300079345703,3073.469970703125
2023-02-02,15595.16015625,540.0,12200.8203125,21.708999633789062,3141.840087890625
2023-02-03,15602.66015625,542.0,12006.9501953125,21.100000381469727,3082.110107421875
2023-02-06,15392.8203125,526.0,11887.4501953125,21.089000701904297,3029.739990234375
2023-02-07,15400.91015625,523.0,12113.7900390625,22.17300033569336,3124.14990234375
2023-02-08,15618.169921875,540.0,11910.51953125,22.204999923706055,3055.6298828125
2023-02-09,15598.7099609375,540.0,11789.580078125,22.336999893188477,3059.6201171875
2023-02-10,15586.650390625,545.0,11718.1201171875,21.26499938964844,3011.14990234375
2023-02-13,15544.2802734375,541.0,11891.7900390625,21.788000106811523,3057.320068359375
2023-02-14,15654.48046875,545.0,11960.150390625,22.97100067138672,3121.6298828125
2023-02-15,15432.8896484375,525.0,12070.58984375,22.763999938964844,3133.070068359375
2023-02-16,15550.5,528.0,11855.830078125,22.00200080871582,3055.239990234375
2023-02-17,15479.7001953125,518.0,11787.26953125,21.38800048828125,3005.8701171875
2023-02-20,15551.23046875,517.0,,,
2023-02-21,15563.0,516.0,11492.2998046875,20.655000686645508,2906.260009765625
2023-02-22,15418.76953125,507.0,11507.0703125,20.753999710083008,2892.389892578125
2023-02-23,15615.41015625,518.0,11590.400390625,23.663999557495117,2988.81005859375
2023-02-24,15503.7900390625,511.0,11394.9404296875,23.285999298095703,2935.110107421875
2023-02-27,,,11466.98046875,23.500999450683594,2951.2099609375
2023-02-28,,,11455.5400390625,23.215999603271484,2958.389892578125
2023-03-01,15598.490234375,522.0,11379.48046875,22.697999954223633,2955.830078125
2023-03-02,15598.7197265625,519.0,11462.98046875,23.31399917602539,2984.110107421875
2023-03-03,15608.419921875,516.0,11689.009765625,23.88999938964844,3028.340087890625
2023-03-06,15763.509765625,521.0,11675.740234375,23.554000854492188,2994.590087890625
2023-03-07,15857.8896484375,524.0,11530.330078125,23.288000106811523,2962.419921875
2023-03-08,15818.2001953125,521.0,11576.0,24.180999755859375,3041.389892578125
2023-03-09,15770.66015625,522.0,11338.349609375,23.43600082397461,2980.2099609375
2023-03-10,15526.2001953125,513.0,11138.8896484375,22.96500015258789,2923.929931640625
2023-03-13,15560.490234375,516.0,11188.83984375,22.965999603271484,2921.7099609375
2023-03-14,15360.419921875,510.0,11428.150390625,24.062999725341797,3010.14990234375
2023-03-15,15387.58984375,511.0,11434.0498046875,24.22800064086914,2977.389892578125
2023-03-16,15221.1201171875,505.0,11717.2802734375,25.541000366210938,3098.070068359375
2023-03-17,15452.9599609375,518.0,11630.509765625,25.725000381469727,3083.52001953125
2023-03-20,15419.9697265625,512.0,11675.5400390625,25.899999618530273,3114.7099609375
2023-03-21,15513.4501953125,517.0,11860.1103515625,26.198999404907227,3116.889892578125
2023-03-22,15760.4599609375,533.0,11669.9599609375,26.468000411987305,3091.7099609375
2023-03-23,15863.9501953125,538.0,11787.400390625,27.19099998474121,3174.360107421875
2023-03-24,15914.7001953125,539.0,11823.9599609375,26.77899932861328,3121.260009765625
2023-03-27,15830.3095703125,531.0,11768.83984375,26.5310001373291,3083.580078125
2023-03-28,15701.48046875,525.0,11716.080078125,26.40999984741211,3057.27001953125
2023-03-29,15769.759765625,530.0,11926.240234375,26.983999252319336,3157.110107421875
2023-03-30,15849.4296875,535.0,12013.4697265625,27.382999420166016,3208.260009765625
2023-03-31,15868.0595703125,533.0,12221.91015625,27.777000427246097,3230.860107421875
2023-04-03,,,12189.4501953125,27.96500015258789,3200.429931640625
2023-04-04,,,12126.330078125,27.45299911499023,3142.5
2023-04-05,,,11996.8603515625,26.881000518798828,3085.97998046875
2023-04-06,15810.76953125,530.0,12087.9599609375,27.03700065612793,3071.77001953125
2023-04-07,15836.5,531.0,,,
2023-04-10,15876.169921875,529.0,12084.3603515625,27.57900047302246,3126.969970703125
2023-04-11,15913.8798828125,524.0,12031.8798828125,27.16900062561035,3109.419921875
2023-04-12,15932.9697265625,520.0,11929.33984375,26.4950008392334,3052.52001953125
2023-04-13,15804.759765625,510.0,12166.26953125,26.46299934387207,3074.93994140625
2023-04-14,15929.4296875,516.0,12123.4697265625,26.757999420166016,3070.449951171875
2023-04-17,15963.5498046875,520.0,12157.7197265625,27.00200080871582,3066.679931640625
2023-04-18,15869.4404296875,515.0,12153.41015625,27.66699981689453,3077.719970703125
2023-04-19,15770.4697265625,510.0,12157.23046875,27.930999755859375,3046.3798828125
2023-04-20,15707.51953125,513.0,12059.5595703125,27.104000091552734,3046.280029296875
2023-04-21,15602.990234375,511.0,12072.4599609375,27.118999481201172,3021.43994140625
2023-04-24,15626.8701171875,507.0,12037.2001953125,27.04199981689453,3007.510009765625
2023-04-25,15370.73046875,498.0,11799.16015625,26.24099922180176,2906.2900390625
2023-04-26,15374.6298828125,491.5,11854.349609375,26.95599937438965,2922.989990234375
2023-04-27,15411.490234375,493.5,12142.240234375,27.22599983215332,2941.590087890625
2023-04-28,15579.1796875,502.0,12226.580078125,27.749000549316406,2994.969970703125
2023-05-01,,,12212.599609375,28.90999984741211,3019.090087890625
2023-05-02,15636.48046875,501.0,12080.509765625,28.209999084472656,2996.860107421875
2023-05-03,15553.41015625,496.0,12025.330078125,27.802000045776367,2957.3701171875
2023-05-04,15609.0302734375,498.0,11966.400390625,27.562000274658203,2941.6298828125
2023-05-05,15626.0703125,500.0,12235.41015625,28.68000030517578,3007.68994140625
2023-05-08,15699.5703125,504.0,12256.919921875,29.150999069213867,3024.409912109375
2023-05-09,15727.7001953125,510.0,12179.5498046875,28.570999145507812,2967.840087890625
2023-05-10,15641.759765625,503.0,12306.4404296875,28.885000228881836,2997.510009765625
2023-05-11,15514.6396484375,499.0,12328.509765625,28.57799911499023,2978.719970703125
2023-05-12,15502.3603515625,496.0,12284.740234375,28.34000015258789,2972.85009765625
2023-05-15,15475.0498046875,495.5,12365.2099609375,28.95299911499023,3052.639892578125
2023-05-16,15673.900390625,505.0,12343.0498046875,29.21299934387207,3048.7099609375
2023-05-17,15925.2900390625,519.0,12500.5703125,30.17799949645996,3124.679931640625
2023-05-18,16101.8798828125,530.0,12688.83984375,31.67799949645996,3223.489990234375
2023-05-19,16174.919921875,532.0,12657.900390625,31.263999938964844,3203.489990234375
2023-05-22,16180.8896484375,531.0,12720.7802734375,31.176000595092773,3215.0400390625
2023-05-23,16188.0302734375,530.0,12560.25,30.687999725341797,3177.43994140625
2023-05-24,16159.3203125,525.0,12484.16015625,30.538000106811523,3124.090087890625
2023-05-25,16292.0,543.0,12698.08984375,37.97999954223633,3336.719970703125
2023-05-26,16505.05078125,566.0,12975.6904296875,38.94599914550781,3545.669921875
2023-05-29,16636.30078125,568.0,,,
2023-05-30,16622.740234375,566.0,13017.4296875,40.11100006103515,3549.389892578125
2023-05-31,16578.9609375,558.0,12935.2900390625,37.83399963378906,3453.179931640625
2023-06-01,16512.650390625,551.0,13100.98046875,39.77000045776367,3506.739990234375
2023-06-02,16706.91015625,562.0,13240.76953125,39.32699966430664,3501.39990234375
2023-06-05,16714.4296875,555.0,13229.4296875,39.17100143432617,3444.1201171875
2023-06-06,16761.66015625,560.0,13276.419921875,38.65399932861328,3488.340087890625
2023-06-07,16922.48046875,568.0,13104.900390625,37.474998474121094,3477.179931640625
2023-06-08,16733.689453125,559.0,13238.51953125,38.5099983215332,3514.320068359375
2023-06-09,16886.400390625,565.0,13259.1396484375,38.77000045776367,3524.969970703125
2023-06-12,16955.369140625,574.0,13461.919921875,39.48199844360352,3641.659912109375
2023-06-13,17216.599609375,593.0,13573.3203125,41.02199935913086,3683.659912109375
2023-06-14,17238.140625,590.0,13626.48046875,42.99700164794922,3739.75
2023-06-15,17334.98046875,591.0,13782.8203125,42.65299987792969,3708.06005859375
2023-06-16,17288.91015625,589.0,13689.5703125,42.69200134277344,3673.139892578125
2023-06-19,17274.560546875,583.0,,,
2023-06-20,17184.91015625,583.0,13667.2900390625,43.80799865722656,3647.56005859375
2023-06-21,17202.400390625,581.0,13502.2001953125,43.04499816894531,3549.72998046875
2023-06-22,,,13630.6103515625,43.025001525878906,3569.8701171875
2023-06-23,,,13492.51953125,42.20899963378906,3506.7099609375
2023-06-26,17059.240234375,574.0,13335.7802734375,40.63199996948242,3515.77001953125
2023-06-27,16887.900390625,572.0,13555.669921875,41.875999450683594,3642.409912109375
2023-06-28,16935.630859375,574.0,13591.75,41.117000579833984,3609.47998046875
2023-06-29,16942.30078125,573.0,13591.330078125,40.821998596191406,3614.179931640625
2023-06-30,16915.5390625,576.0,13787.919921875,42.301998138427734,3673.06005859375
2023-07-03,17084.19921875,579.0,13816.76953125,42.41299819946289,3703.6201171875
2023-07-04,17140.76953125,585.0,,,
2023-07-05,17056.4296875,582.0,13791.650390625,42.31700134277344,3622.320068359375
2023-07-06,16762.169921875,565.0,13679.0400390625,42.10300064086914,3577.489990234375
2023-07-07,16664.2109375,565.0,13660.7197265625,42.50299835205078,3577.72998046875
2023-07-10,16652.80078125,565.0,13685.48046875,42.18000030517578,3651.60009765625
2023-07-11,16898.91015625,577.0,13760.7001953125,42.404998779296875,3653.530029296875
2023-07-12,16962.029296875,578.0,13918.9599609375,43.902000427246094,3721.469970703125
2023-07-13,17061.400390625,585.0,14138.5703125,45.97700119018555,3797.1298828125
2023-07-14,17283.7109375,591.0,14113.7001953125,45.46900177001953,3750.409912109375
2023-07-17,17334.2890625,591.0,14244.9501953125,46.46099853515625,3837.31005859375
2023-07-18,17227.91015625,581.0,14353.6396484375,47.49399948120117,3842.360107421875
2023-07-19,17116.439453125,581.0,14358.01953125,47.07699966430664,3801.659912109375
2023-07-20,17164.890625,579.0,14063.3095703125,45.52000045776367,3663.85009765625
2023-07-21,17030.69921875,560.0,14032.8095703125,44.30899810791016,3698.85009765625
2023-07-24,17033.609375,558.0,14058.8701171875,44.61199951171875,3692.320068359375
2023-07-25,17198.890625,569.0,14144.5595703125,45.67900085449219,3755.27001953125
2023-07-26,17162.55078125,566.0,14127.2802734375,45.45199966430664,3699.3701171875
2023-07-27,17241.8203125,569.0,14050.1103515625,45.900001525878906,3768.27001953125
2023-07-28,17292.9296875,567.0,14316.66015625,46.75,3851.760009765625
2023-07-31,17145.4296875,565.0,14346.01953125,46.729000091552734,3861.6298828125
2023-08-01,17212.869140625,567.0,14283.91015625,46.50699996948242,3858.2099609375
2023-08-02,16893.73046875,561.0,13973.4501953125,44.26900100708008,3711.60009765625
2023-08-03,,,13959.7197265625,44.51499938964844,3708.080078125
2023-08-04,16843.6796875,554.0,13909.240234375,44.68000030517578,3699.199951171875
2023-08-07,16996.0,558.0,13994.400390625,45.41699981689453,3739.409912109375
2023-08-08,16877.0703125,552.0,13884.3203125,44.66400146484375,3679.419921875
2023-08-09,16870.939453125,554.0,13722.01953125,42.55400085449219,3610.47998046875
2023-08-10,16634.69921875,551.0,13737.990234375,42.38800048828125,3597.02001953125
2023-08-11,16601.25,546.0,13644.849609375,40.85499954223633,3514.550048828125
2023-08-14,16393.66015625,541.0,13788.330078125,43.75299835205078,3615.449951171875
2023-08-15,16454.80078125,542.0,13631.0498046875,43.939998626708984,3553.9599609375
2023-08-16,16446.779296875,542.0,13474.6298828125,43.48600006103515,3480.080078125
2023-08-17,16516.66015625,544.0,13316.9296875,43.34400177001953,3446.35009765625
2023-08-18,16381.3095703125,539.0,13290.7802734375,43.29899978637695,3462.739990234375
2023-08-21,16381.490234375,537.0,13497.58984375,46.96699905395508,3560.739990234375
2023-08-22,16437.609375,541.0,13505.8701171875,45.667999267578125,3527.68994140625
2023-08-23,16576.900390625,552.0,13721.0302734375,47.11600112915039,3602.010009765625
2023-08-24,16770.869140625,564.0,13463.9697265625,47.16299819946289,3481.300048828125
2023-08-25,16481.580078125,546.0,13590.650390625,46.01800155639648,3495.64990234375
2023-08-28,16509.259765625,549.0,13705.1298828125,46.834999084472656,3537.8701171875
2023-08-29,16623.650390625,552.0,13943.759765625,48.78400039672851,3629.570068359375
2023-08-30,16719.8203125,555.0,14019.3095703125,49.26399993896485,3643.919921875
2023-08-31,16634.509765625,549.0,14034.9697265625,49.35499954223633,3670.929931640625
2023-09-01,16644.939453125,548.0,14031.8095703125,48.50899887084961,3682.840087890625
2023-09-04,16789.689453125,557.0,,,
2023-09-05,16791.609375,552.0,14020.9501953125,48.54800033569336,3683.7900390625
2023-09-06,16738.16015625,550.0,13872.4697265625,47.06100082397461,3654.4599609375
2023-09-07,16619.140625,542.0,13748.830078125,46.24100112915039,3582.110107421875
2023-09-08,16576.01953125,539.0,13761.5302734375,45.571998596191406,3565.989990234375
2023-09-11,16432.94921875,536.0,13917.8896484375,45.178001403808594,3569.22998046875
2023-09-12,16572.7109375,544.0,13773.6103515625,44.869998931884766,3541.090087890625
2023-09-13,16581.509765625,541.0,13813.58984375,45.48500061035156,3560.4599609375
2023-09-14,16807.560546875,550.0,13926.0498046875,45.58100128173828,3584.22998046875
2023-09-15,16920.919921875,558.0,13708.330078125,43.900001525878906,3476.389892578125
2023-09-18,16698.240234375,540.0,13710.240234375,43.96599960327149,3492.469970703125
2023-09-19,16636.3203125,538.0,13678.1904296875,43.52000045776367,3459.02001953125
2023-09-20,16534.75,535.0,13469.1298828125,42.23899841308594,3398.81005859375
2023-09-21,16316.669921875,527.0,13223.98046875,41.016998291015625,3338.85009765625
2023-09-22,16344.48046875,522.0,13211.8095703125,41.61000061035156,3365.2900390625
2023-09-25,16452.23046875,525.0,13271.3203125,42.22200012207031,3389.4599609375
2023-09-26,16276.0703125,519.0,13063.6103515625,41.9109992980957,3329.6201171875
2023-09-27,16310.3603515625,522.0,13092.849609375,42.46799850463867,3361.409912109375
2023-09-28,16353.740234375,523.0,13201.2802734375,43.0890007019043,3420.989990234375
2023-09-29,,,13219.3203125,43.499000549316406,3434.2900390625
2023-10-02,16557.310546875,533.0,13307.76953125,44.78200149536133,3448.85009765625
2023-10-03,16454.33984375,529.0,13059.4697265625,43.516998291015625,3376.580078125
2023-10-04,16273.3798828125,520.0,13236.009765625,44.04100036621094,3424.919921875
2023-10-05,16453.51953125,528.0,13219.830078125,44.6879997253418,3406.97998046875
2023-10-06,16520.5703125,532.0,13431.33984375,45.762001037597656,3475.2099609375
2023-10-09,,,13484.240234375,45.27299880981445,3467.35009765625
2023-10-10,,,13562.83984375,45.79800033569336,3512.070068359375
2023-10-11,16672.029296875,544.0,13659.6796875,46.805999755859375,3537.830078125
2023-10-12,16825.91015625,550.0,13574.2197265625,46.94499969482422,3548.6201171875
2023-10-13,16782.5703125,553.0,13407.23046875,45.46099853515625,3452.969970703125
2023-10-16,16652.240234375,545.0,13567.98046875,46.095001220703125,3502.510009765625
2023-10-17,16642.55078125,551.0,13533.75,43.9379997253418,3474.659912109375
2023-10-18,16440.91015625,540.0,13314.2998046875,42.19599914550781,3413.449951171875
2023-10-19,16452.73046875,546.0,13186.1796875,42.10100173950195,3367.77001953125
2023-10-20,16440.720703125,556.0,12983.8095703125,41.387001037597656,3316.139892578125
2023-10-23,16251.3603515625,544.0,13018.330078125,42.974998474121094,3298.5400390625
2023-10-24,16309.759765625,544.0,13139.8701171875,43.66299819946289,3343.93994140625
2023-10-25,16358.8896484375,544.0,12821.2197265625,41.77899932861328,3205.840087890625
2023-10-26,16073.740234375,531.0,12595.6103515625,40.32600021362305,3188.419921875
2023-10-27,16134.6103515625,533.0,12643.009765625,40.5,3227.090087890625
2023-10-30,16149.6796875,532.0,12789.48046875,41.1609992980957,3185.179931640625
2023-10-31,16001.26953125,529.0,12851.240234375,40.779998779296875,3215.889892578125
2023-11-01,16038.5595703125,528.0,13061.4697265625,42.32500076293945,3290.949951171875
2023-11-02,16396.94921875,547.0,13294.1904296875,43.50600051879883,3368.5400390625
2023-11-03,16507.650390625,549.0,13478.2802734375,45.005001068115234,3454.570068359375
2023-11-06,16649.359375,550.0,13518.7802734375,45.750999450683594,3444.889892578125
2023-11-07,16684.94921875,555.0,13639.8603515625,45.95500183105469,3471.4599609375
2023-11-08,16740.830078125,556.0,13650.41015625,46.57400131225586,3472.669921875
2023-11-09,16745.650390625,557.0,13521.4501953125,46.95000076293945,3452.340087890625
2023-11-10,16682.669921875,557.0,13798.1103515625,48.334999084472656,3591.739990234375
2023-11-13,16839.2890625,571.0,13767.740234375,48.619998931884766,3556.75
2023-11-14,16915.7109375,572.0,14094.3798828125,49.65599822998047,3685.570068359375
2023-11-15,17128.779296875,581.0,14103.83984375,48.88800048828125,3712.090087890625
2023-11-16,17171.1796875,583.0,14113.669921875,49.47999954223633,3724.10009765625
2023-11-17,17208.94921875,580.0,14125.48046875,49.29800033569336,3748.64990234375
2023-11-20,17210.470703125,577.0,14284.5302734375,50.40900039672851,3805.81005859375
2023-11-21,17416.69921875,585.0,14199.98046875,49.944000244140625,3732.7900390625
2023-11-22,17310.259765625,577.0,14265.8603515625,48.71599960327149,3744.9599609375
2023-11-23,17294.55078125,578.0,,,
2023-11-24,17287.419921875,575.0,14250.849609375,47.7760009765625,3747.929931640625
2023-11-27,17137.419921875,568.0,14241.01953125,48.242000579833984,3739.31005859375
2023-11-28,17341.25,575.0,14281.759765625,47.82099914550781,3718.35009765625
2023-11-29,17370.560546875,574.0,14258.490234375,48.13999938964844,3753.360107421875
2023-11-30,17433.849609375,577.0,14226.2197265625,46.77000045776367,3724.580078125
2023-12-01,17438.349609375,579.0,14305.0302734375,46.76499938964844,3738.27001953125
2023-12-04,17421.48046875,574.0,14185.490234375,45.5099983215332,3693.43994140625
2023-12-05,17328.009765625,570.0,14229.91015625,46.56600189208984,3672.39990234375
2023-12-06,17360.720703125,570.0,14146.7099609375,45.50299835205078,3645.820068359375
2023-12-07,17278.740234375,566.0,14339.990234375,46.59600067138672,3747.5400390625
2023-12-08,17383.990234375,570.0,14403.9697265625,47.50600051879883,3774.169921875
2023-12-11,17418.33984375,574.0,14432.490234375,46.62699890136719,3902.389892578125
2023-12-12,17450.630859375,578.0,14533.400390625,47.65700149536133,3930.179931640625
2023-12-13,17468.9296875,577.0,14733.9599609375,48.0880012512207,3990.949951171875
2023-12-14,17653.109375,582.0,14761.5595703125,48.349998474121094,4097.47021484375
2023-12-15,17673.869140625,585.0,14813.919921875,48.88999938964844,4117.0
2023-12-18,17652.029296875,585.0,14904.8095703125,50.07699966430664,4103.7900390625
2023-12-19,17576.55078125,585.0,15003.2197265625,49.604000091552734,4125.56005859375
2023-12-20,17635.19921875,585.0,14777.9404296875,48.11100006103515,4007.659912109375
2023-12-21,17543.740234375,577.0,14963.8701171875,48.9900016784668,4118.58984375
2023-12-22,17596.630859375,582.0,14992.9697265625,48.83000183105469,4132.85009765625
2023-12-25,17604.83984375,581.0,,,
2023-12-26,17751.73046875,586.0,15074.5703125,49.27899932861328,4207.4501953125
2023-12-27,17891.5,592.0,15099.1796875,49.41699981689453,4214.58984375
2023-12-28,17910.369140625,593.0,15095.1396484375,49.52199935913086,4208.68017578125
2023-12-29,17930.810546875,593.0,15011.349609375,49.52199935913086,4175.47021484375
2024-01-02,17853.759765625,593.0,14765.9404296875,48.167999267578125,4023.0400390625
2024-01-03,17559.310546875,578.0,14592.2099609375,47.569000244140625,3941.2099609375
2024-01-04,17549.650390625,580.0,14510.2998046875,47.99800109863281,3908.85009765625
2024-01-05,17519.140625,576.0,14524.0703125,49.09700012207031,3933.489990234375
2024-01-08,17572.66015625,583.0,14843.76953125,52.25299835205078,4062.47998046875
2024-01-09,17535.490234375,586.0,14857.7099609375,53.13999938964844,4064.64990234375
2024-01-10,17465.630859375,584.0,14969.650390625,54.349998474121094,4048.840087890625
2024-01-11,17545.3203125,586.0,14970.1904296875,54.821998596191406,4067.89990234375
2024-01-12,17512.830078125,584.0,14972.759765625,54.709999084472656,4052.429931640625
2024-01-15,17546.8203125,586.0,,,
2024-01-16,17346.869140625,580.0,14944.349609375,56.38199996948242,4105.93994140625
2024-01-17,17161.7890625,581.0,14855.6201171875,56.053001403808594,4069.949951171875
2024-01-18,17227.7890625,588.0,15055.650390625,57.10699844360352,4206.52001953125
2024-01-19,17681.51953125,626.0,15310.9697265625,59.49100112915039,4375.64990234375
2024-01-22,17815.099609375,626.0,15360.2900390625,59.65399932861328,4386.60009765625
2024-01-23,17874.58984375,628.0,15425.9404296875,59.87300109863281,4415.259765625
2024-01-24,17875.830078125,627.0,15481.919921875,61.36199951171875,4483.330078125
2024-01-25,18002.619140625,642.0,15510.5,61.617000579833984,4472.259765625
2024-01-26,17995.029296875,644.0,15455.3603515625,61.03099822998047,4342.10009765625
2024-01-29,18119.630859375,648.0,15628.0400390625,62.46500015258789,4388.27001953125
2024-01-30,18034.630859375,642.0,15509.900390625,62.77399826049805,4319.990234375
2024-01-31,17889.560546875,628.0,15164.009765625,61.527000427246094,4260.919921875
2024-02-01,17968.109375,628.0,15361.6396484375,63.027000427246094,4280.47998046875
2024-02-02,18059.9296875,635.0,15628.9501953125,66.16000366210938,4336.72998046875
2024-02-05,18096.0703125,646.0,15597.6796875,69.33200073242188,4388.10009765625
2024-02-06,,,15609.0,68.2229995727539,4338.27001953125
2024-02-07,,,15756.6396484375,70.0989990234375,4408.72998046875
2024-02-08,,,15793.7099609375,69.64099884033203,4478.009765625
2024-02-09,,,15990.66015625,72.13300323486328,4567.2998046875
2024-02-12,,,15942.5498046875,72.24800109863281,4560.0400390625
2024-02-13,,,15655.599609375,72.12799835205078,4468.18017578125
2024-02-14,,,15859.150390625,73.9000015258789,4565.41015625
2024-02-15,18644.5703125,697.0,15906.169921875,72.65799713134766,4558.10009765625
2024-02-16,18607.25,683.0,15775.650390625,72.61299896240234,4527.68017578125
2024-02-19,18635.80078125,678.0,,,
2024-02-20,18753.16015625,687.0,15630.7802734375,69.4520034790039,4456.8701171875
2024-02-21,18676.310546875,681.0,15580.8701171875,67.47200012207031,4446.35986328125
2024-02-22,18852.779296875,692.0,16041.6201171875,78.53800201416016,4667.3701171875
2024-02-23,18889.189453125,697.0,15996.8203125,78.81700134277344,4615.02978515625
2024-02-26,18948.05078125,698.0,15976.25,79.09200286865234,4663.47021484375
2024-02-27,18854.41015625,698.0,16035.2998046875,78.70099639892578,4654.89013671875
2024-02-28,,,15947.740234375,77.66300201416016,4602.60009765625
2024-02-29,18966.76953125,690.0,16091.919921875,79.11199951171875,4726.919921875
2024-03-01,18935.9296875,689.0,16274.9404296875,82.27899932861328,4929.580078125
2024-03-04,19305.310546875,725.0,16207.509765625,85.23699951171875,4981.97021484375
2024-03-05,19386.919921875,730.0,15939.58984375,85.96399688720703,4879.830078125
2024-03-06,19499.44921875,735.0,16031.5400390625,88.69999694824219,4997.93017578125
2024-03-07,19693.51953125,760.0,16273.3798828125,92.66899871826172,5165.830078125
2024-03-08,19785.3203125,784.0,16085.1103515625,87.52799987792969,4957.77978515625
2024-03-11,19726.080078125,766.0,16019.26953125,85.77400207519531,4890.2001953125
2024-03-12,19914.55078125,770.0,16265.6396484375,91.91300201416016,4992.509765625
2024-03-13,19928.509765625,779.0,16177.76953125,90.88800048828124,4868.9501953125
2024-03-14,19937.919921875,784.0,16128.5302734375,87.94400024414062,4783.64990234375
2024-03-15,19682.5,753.0,15973.169921875,87.83699798583984,4757.7099609375
2024-03-18,19879.849609375,764.0,16103.4501953125,88.45500183105469,4757.60009765625
2024-03-19,19857.19921875,762.0,16166.7900390625,89.39800262451172,4712.81005859375
2024-03-20,19784.44921875,758.0,16369.41015625,90.37200164794922,4788.18017578125
2024-03-21,20199.08984375,784.0,16401.83984375,91.43499755859376,4897.8798828125
2024-03-22,20228.4296875,785.0,16428.8203125,94.28900146484376,4908.259765625
2024-03-25,20192.25,780.0,16384.470703125,95.0019989013672,4891.490234375
2024-03-26,20126.490234375,782.0,16315.7001953125,92.56099700927734,4851.8798828125
2024-03-27,20200.119140625,779.0,16399.51953125,90.25,4899.9501953125
2024-03-28,20146.55078125,769.0,16379.4599609375,90.3560028076172,4905.2099609375
2024-03-29,20294.44921875,776.0,,,
2024-04-01,20222.330078125,770.0,16396.830078125,90.36299896240234,4962.10009765625
2024-04-02,20466.5703125,790.0,16240.4501953125,89.4520034790039,4886.93994140625
2024-04-03,20337.599609375,780.0,16277.4599609375,88.96399688720703,4903.5
2024-04-04,,,16049.080078125,85.90499877929688,4756.06982421875
2024-04-05,,,16248.51953125,88.00800323486328,4819.1298828125
2024-04-08,20417.69921875,783.0,16253.9599609375,87.13300323486328,4825.39013671875
2024-04-09,20796.19921875,819.0,16306.6396484375,85.35399627685547,4870.81005859375
2024-04-10,20763.529296875,815.0,16170.3603515625,87.03900146484375,4790.35009765625
2024-04-11,20753.220703125,820.0,16442.19921875,90.61599731445312,4906.3701171875
2024-04-12,20736.5703125,818.0,16175.08984375,88.18599700927734,4745.0498046875
2024-04-15,20449.76953125,806.0,15885.01953125,86.0009994506836,4679.10009765625
2024-04-16,19901.9609375,788.0,15865.25,87.41500091552734,4720.52978515625
2024-04-17,20213.330078125,804.0,15683.3701171875,84.03500366210938,4567.31005859375
2024-04-18,20301.19921875,804.0,15601.5,84.6709976196289,4491.7099609375
2024-04-19,19527.119140625,750.0,15282.009765625,76.19999694824219,4306.8701171875
2024-04-22,19411.220703125,742.0,15451.3095703125,79.51799774169922,4381.919921875
2024-04-23,19599.279296875,754.0,15696.6396484375,82.4229965209961,4478.7998046875
2024-04-24,20131.740234375,783.0,15712.75,79.677001953125,4526.2001953125
2024-04-25,19857.419921875,766.0,15611.759765625,82.63200378417969,4615.0400390625
2024-04-26,20120.509765625,782.0,15927.900390625,87.73500061035156,4735.2900390625
2024-04-29,20495.51953125,795.0,15983.080078125,87.75700378417969,4765.7900390625
2024-04-30,20396.599609375,790.0,15657.8203125,86.4020004272461,4673.2998046875
2024-05-01,,,15605.48046875,83.04100036621094,4507.68017578125
2024-05-02,20222.439453125,772.0,15840.9599609375,85.81700134277344,4605.35009765625
2024-05-03,20330.3203125,780.0,16156.330078125,88.78900146484375,4716.18994140625
2024-05-06,20523.310546875,786.0,16349.25,92.13999938964844,4820.4501953125
2024-05-07,20653.529296875,800.0,16332.5595703125,90.5540008544922,4784.8798828125
2024-05-08,20700.509765625,802.0,16302.759765625,90.41200256347656,4790.3798828125
2024-05-09,20560.76953125,796.0,16346.259765625,88.74700164794922,4759.77001953125
2024-05-10,20708.83984375,802.0,16340.8701171875,89.87799835205078,4808.02978515625
2024-05-13,20857.7109375,819.0,16388.240234375,90.39900207519533,4823.08984375
2024-05-14,20985.849609375,825.0,16511.1796875,91.3560028076172,4903.93017578125
2024-05-15,21147.2109375,839.0,16742.390625,94.62999725341795,5045.080078125
2024-05-16,21304.259765625,841.0,16698.3203125,94.35900115966795,5017.5400390625
2024-05-17,21258.470703125,835.0,16685.970703125,92.47899627685548,4983.02001953125
2024-05-20,21271.630859375,835.0,16794.869140625,94.77999877929688,5090.35009765625
2024-05-21,21236.75,841.0,16832.619140625,95.38600158691406,5074.39990234375
2024-05-22,21551.830078125,864.0,16801.5390625,94.9499969482422,5126.81005859375
2024-05-23,21607.4296875,875.0,16736.029296875,103.79900360107422,5125.97998046875
2024-05-24,21565.33984375,867.0,16920.7890625,106.46900177001952,5220.919921875
2024-05-27,21803.76953125,869.0,,,
2024-05-28,21858.41015625,865.0,17019.880859375,113.9010009765625,5317.8701171875
2024-05-29,21662.5,857.0,16920.580078125,114.8249969482422,5219.31982421875
2024-05-30,21364.48046875,838.0,16737.080078125,110.5,5173.259765625
2024-05-31,21174.220703125,821.0,16735.01953125,109.63300323486328,5123.35986328125
2024-06-03,21536.759765625,846.0,16828.669921875,115.0,5152.509765625
2024-06-04,21356.619140625,839.0,16857.05078125,116.43699645996094,5116.27001953125
2024-06-05,21484.880859375,854.0,17187.900390625,122.44000244140624,5347.43994140625
2024-06-06,21902.69921875,894.0,17173.119140625,120.9980010986328,5301.68017578125
2024-06-07,21858.380859375,879.0,17133.130859375,120.88800048828124,5287.240234375
2024-06-10,,,17192.529296875,121.79000091552734,5362.39990234375
2024-06-11,21792.119140625,883.0,17343.55078125,120.91000366210938,5365.3798828125
2024-06-12,22048.9609375,909.0,17608.439453125,125.1999969482422,5520.8701171875
2024-06-13,22312.0390625,919.0,17667.560546875,129.61000061035156,5602.419921875
2024-06-14,22504.720703125,922.0,17688.880859375,131.8800048828125,5598.31005859375
2024-06-17,22496.529296875,921.0,17857.01953125,130.97999572753906,5688.10009765625
2024-06-18,22757.4296875,943.0,17862.23046875,135.5800018310547,5765.1201171875
2024-06-19,23209.5390625,981.0,,,
2024-06-20,23406.099609375,981.0,17721.58984375,130.77999877929688,5610.009765625
2024-06-21,23253.390625,970.0,17689.359375,126.56999969482422,5538.5400390625
2024-06-24,22813.69921875,940.0,17496.8203125,118.11000061035156,5371.52001953125
2024-06-25,22875.970703125,945.0,17717.650390625,126.08999633789062,5467.66015625
2024-06-26,22986.689453125,960.0,17805.16015625,126.4000015258789,5452.31982421875
2024-06-27,22905.98046875,960.0,17858.6796875,123.98999786376952,5421.08984375
2024-06-28,23032.25,966.0,17732.599609375,123.54000091552734,5472.259765625
2024-07-01,23058.5703125,968.0,17879.30078125,124.3000030517578,5477.14990234375
2024-07-02,22879.369140625,960.0,18028.759765625,122.66999816894533,5544.990234375
2024-07-03,23172.4296875,979.0,18188.30078125,128.27999877929688,5651.72021484375
2024-07-04,23522.529296875,1005.0,,,
2024-07-05,23556.58984375,1005.0,18352.759765625,125.83000183105467,5656.31005859375
2024-07-08,23878.150390625,1035.0,18403.740234375,128.1999969482422,5765.2099609375
2024-07-09,23900.080078125,1040.0,18429.2890625,131.3800048828125,5765.2001953125
2024-07-10,24007.080078125,1045.0,18647.44921875,134.91000366210938,5904.5400390625
2024-07-11,24390.029296875,1080.0,18283.41015625,127.4000015258789,5699.66015625
2024-07-12,23916.9296875,1040.0,18398.44921875,129.24000549316406,5775.18994140625
2024-07-15,23879.359375,1040.0,18472.5703125,128.44000244140625,5777.7099609375
2024-07-16,23997.25,1055.0,18509.33984375,126.36000061035156,5804.02978515625
2024-07-17,23769.8203125,1030.0,17996.919921875,117.98999786376952,5408.7099609375
2024-07-18,23398.470703125,1005.0,17871.220703125,121.08999633789062,5436.419921875
2024-07-19,22869.259765625,970.0,17726.939453125,117.93000030517578,5267.16015625
2024-07-22,22256.990234375,939.0,18007.5703125,123.54000091552734,5477.830078125
2024-07-23,22871.83984375,979.0,17997.349609375,122.58999633789062,5397.89990234375
2024-07-24,,,17342.41015625,114.25,5105.64990234375
2024-07-25,,,17181.720703125,112.27999877929688,5005.35986328125
2024-07-26,22119.2109375,924.0,17357.880859375,113.05999755859376,5103.1298828125
2024-07-29,22164.490234375,944.0,17370.19921875,111.58999633789062,5087.6201171875
2024-07-30,22223.5703125,940.0,17147.419921875,103.7300033569336,4890.14990234375
2024-07-31,22199.349609375,934.0,17599.400390625,117.0199966430664,5233.18017578125
2024-08-01,22642.099609375,960.0,17194.150390625,109.20999908447266,4859.58984375
2024-08-02,21638.08984375,903.0,16776.16015625,107.2699966430664,4607.759765625
2024-08-05,19830.880859375,815.0,16200.080078125,100.4499969482422,4519.4501953125
2024-08-06,20501.01953125,880.0,16366.849609375,104.25,4567.56982421875
2024-08-07,21295.279296875,920.0,16195.8095703125,98.91000366210938,4426.27001953125
2024-08-08,20870.099609375,896.0,16660.01953125,104.97000122070312,4730.009765625
2024-08-09,21469.0,934.0,16745.30078125,104.75,4709.4501953125
2024-08-12,21773.259765625,940.0,16780.609375,109.0199966430664,4743.81982421875
2024-08-13,21796.5703125,941.0,17187.609375,116.13999938964844,4942.31005859375
2024-08-14,22027.25,948.0,17192.599609375,118.08000183105467,4933.35009765625
2024-08-15,21895.169921875,943.0,17594.5,122.86000061035156,5173.3798828125
2024-08-16,22349.330078125,969.0,17631.720703125,124.58000183105467,5170.25
2024-08-19,22409.630859375,973.0,17876.76953125,130.0,5266.56982421875
2024-08-20,22429.099609375,973.0,17816.939453125,127.25,5196.2998046875
2024-08-21,22237.890625,958.0,17918.990234375,128.5,5267.93017578125
2024-08-22,22148.830078125,951.0,17619.349609375,123.73999786376952,5086.89990234375
2024-08-23,22158.05078125,949.0,17877.7890625,129.3699951171875,5228.64990234375
2024-08-26,22240.119140625,950.0,17725.76953125,126.45999908447266,5097.35009765625
2024-08-27,22185.0,942.0,17754.8203125,128.3000030517578,5153.6298828125
2024-08-28,22370.66015625,964.0,17556.029296875,125.61000061035156,5059.56005859375
2024-08-29,22201.849609375,943.0,17516.4296875,117.58999633789062,5029.25
2024-08-30,22268.08984375,944.0,17713.619140625,119.37000274658205,5158.81982421875
2024-09-02,22235.099609375,948.0,,,
2024-09-03,22092.2109375,940.0,17136.30078125,108.0,4759.0
2024-09-04,21092.75,889.0,17084.30078125,106.20999908447266,4770.85009765625
2024-09-05,21187.7109375,902.0,17127.66015625,107.20999908447266,4742.419921875
2024-09-06,21435.189453125,918.0,16690.830078125,102.83000183105467,4528.22021484375
2024-09-09,21144.439453125,899.0,16884.599609375,106.47000122070312,4625.77978515625
2024-09-10,21064.080078125,904.0,17025.880859375,108.0999984741211,4680.669921875
2024-09-11,21031.0,901.0,17395.529296875,116.91000366210938,4910.169921875
2024-09-12,21653.25,940.0,17569.6796875,119.13999938964844,4898.43994140625
2024-09-13,21759.650390625,947.0,17683.98046875,119.0999984741211,4980.490234375
2024-09-16,21850.080078125,947.0,17592.130859375,116.77999877929688,4910.43994140625
2024-09-17,,,17628.060546875,115.58999633789062,4912.10009765625
2024-09-18,21678.83984375,941.0,17573.30078125,113.37000274658205,4859.2900390625
2024-09-19,22042.689453125,960.0,18013.98046875,117.87000274658205,5066.64990234375
2024-09-20,22159.419921875,973.0,17948.3203125,116.0,5000.06005859375
2024-09-23,22285.529296875,977.0,17974.26953125,116.26000213623048,5025.81005859375
2024-09-24,22431.779296875,987.0,18074.51953125,120.87000274658205,5091.77978515625
2024-09-25,22761.599609375,1005.0,18082.2109375,123.51000213623048,5132.52001953125
2024-09-26,22858.810546875,1015.0,18190.2890625,124.04000091552734,5310.5
2024-09-27,22822.7890625,1000.0,18119.58984375,121.4000015258789,5217.22998046875
2024-09-30,22224.5390625,957.0,18189.169921875,121.44000244140624,5173.06005859375
2024-10-01,22390.390625,972.0,17910.359375,117.0,5024.93994140625
2024-10-02,,,17925.119140625,118.8499984741211,5099.2001953125
2024-10-03,,,17918.48046875,122.8499984741211,5125.2099609375
2024-10-04,22302.7109375,977.0,18137.849609375,124.91999816894533,5206.83984375
2024-10-07,22702.560546875,1005.0,17923.900390625,127.72000122070312,5196.7998046875
2024-10-08,22611.390625,1010.0,18182.919921875,132.88999938964844,5266.10009765625
2024-10-09,22659.080078125,1020.0,18291.619140625,132.64999389648438,5321.89990234375
2024-10-10,,,18282.05078125,134.80999755859375,5293.93994140625
2024-10-11,22901.640625,1045.0,18342.939453125,134.8000030517578,5335.93994140625
2024-10-14,22975.2890625,1045.0,18502.689453125,138.07000732421875,5432.2099609375
2024-10-15,23292.0390625,1070.0,18315.58984375,131.60000610351562,5145.2099609375
2024-10-16,23010.98046875,1045.0,18367.080078125,135.72000122070312,5155.85986328125
2024-10-17,23053.83984375,1035.0,18373.609375,136.92999267578125,5204.81005859375
2024-10-18,23487.26953125,1085.0,18489.55078125,138.0,5208.6201171875
2024-10-21,23542.529296875,1085.0,18540.009765625,143.7100067138672,5215.2099609375
2024-10-22,23535.4296875,1075.0,18579.76953125,143.58999633789062,5190.7099609375
2024-10-23,23334.759765625,1060.0,18276.650390625,139.55999755859375,5131.3701171875
2024-10-24,23192.51953125,1060.0,18415.490234375,140.41000366210938,5157.60986328125
2024-10-25,23348.44921875,1065.0,18518.609375,141.5399932861328,5212.830078125
2024-10-28,23198.0703125,1050.0,18567.189453125,140.52000427246094,5211.669921875
2024-10-29,22926.58984375,1040.0,18712.75,141.25,5332.169921875
2024-10-30,22820.4296875,1030.0,18607.9296875,139.33999633789062,5153.490234375
2024-10-31,,,18095.150390625,132.75999450683594,4946.75
2024-11-01,22780.080078125,1025.0,18239.919921875,135.39999389648438,5001.43017578125
2024-11-04,22965.390625,1040.0,18179.98046875,136.0500030517578,4974.0
2024-11-05,23106.7890625,1050.0,18439.169921875,139.91000366210938,5057.830078125
2024-11-06,23217.380859375,1060.0,18983.470703125,145.61000061035156,5215.56982421875
2024-11-07,23408.8203125,1065.0,19269.4609375,148.8800048828125,5333.990234375
2024-11-08,23553.890625,1090.0,19286.779296875,147.6300048828125,5290.52001953125
2024-11-11,23529.640625,1085.0,19298.759765625,145.25999450683594,5156.39013671875
2024-11-12,22981.76953125,1050.0,19281.400390625,148.2899932861328,5108.64013671875
2024-11-13,22860.23046875,1035.0,19230.720703125,146.27000427246094,5006.2900390625
2024-11-14,22715.380859375,1035.0,19107.650390625,146.75999450683594,5004.58984375
2024-11-15,22742.76953125,1035.0,18680.119140625,141.97999572753906,4833.58984375
2024-11-18,22546.5390625,1025.0,18791.810546875,140.14999389648438,4888.77001953125
2024-11-19,22848.80078125,1040.0,18987.470703125,147.00999450683594,4919.16015625
2024-11-20,22688.359375,1025.0,18966.140625,145.88999938964844,4884.25
2024-11-21,22555.66015625,1010.0,18972.419921875,146.6699981689453,4963.0498046875
2024-11-22,22904.3203125,1040.0,19003.650390625,141.9499969482422,4955.7998046875
2024-11-25,22948.369140625,1030.0,19054.83984375,136.02000427246094,4987.919921875
2024-11-26,22678.759765625,1010.0,19174.30078125,136.9199981689453,4927.56005859375
2024-11-27,22334.779296875,1000.0,19060.48046875,135.33999633789062,4853.009765625
2024-11-28,22298.900390625,1005.0,,,
2024-11-29,22262.5,996.0,19218.169921875,138.25,4926.56005859375
2024-12-02,22736.9296875,1035.0,19403.94921875,138.6300048828125,5055.31982421875
2024-12-03,23027.4609375,1055.0,19480.91015625,140.25999450683594,5035.85986328125
2024-12-04,23255.330078125,1070.0,19735.119140625,145.13999938964844,5121.77978515625
2024-12-05,23267.939453125,1075.0,19700.259765625,145.05999755859375,5026.3701171875
2024-12-06,23193.26953125,1065.0,19859.76953125,142.44000244140625,5061.2998046875
2024-12-09,23273.25,1075.0,19736.689453125,138.80999755859375,5018.83984375
2024-12-10,23125.080078125,1065.0,19687.240234375,135.07000732421875,4894.7001953125
2024-12-11,22903.630859375,1045.0,20034.890625,139.30999755859375,5027.7998046875
2024-12-12,23046.80078125,1060.0,19902.83984375,137.33999633789062,4982.18994140625
2024-12-13,23020.48046875,1065.0,19926.720703125,134.25,5149.77978515625
2024-12-16,23039.900390625,1085.0,20173.890625,132.0,5256.06005859375
2024-12-17,23018.009765625,1075.0,20109.060546875,130.38999938964844,5169.7900390625
2024-12-18,23168.669921875,1085.0,19392.689453125,128.91000366210938,4970.97998046875
2024-12-19,22932.25,1070.0,19372.76953125,130.67999267578125,4893.47021484375
2024-12-20,22510.25,1035.0,19572.599609375,134.6999969482422,4964.91015625
2024-12-23,23104.5390625,1080.0,19764.880859375,139.6699981689453,5118.75
2024-12-24,23120.240234375,1080.0,20031.130859375,140.22000122070312,5173.56005859375
2024-12-25,23220.130859375,1085.0,,,
2024-12-26,23246.939453125,1085.0,20020.359375,139.92999267578125,5175.31005859375
2024-12-27,23275.6796875,1090.0,19722.029296875,137.00999450683594,5122.97021484375
2024-12-30,23190.19921875,1090.0,19486.7890625,137.49000549316406,5026.509765625
2024-12-31,23035.099609375,1075.0,19310.7890625,134.2899932861328,4979.93017578125
2025-01-02,22832.060546875,1065.0,19280.7890625,138.30999755859375,5021.5
2025-01-03,22908.30078125,1075.0,19621.6796875,144.47000122070312,5163.64990234375
2025-01-06,23547.7109375,1125.0,19864.98046875,149.42999267578125,5310.14013671875
2025-01-07,23651.26953125,1130.0,19489.6796875,140.13999938964844,5212.25
2025-01-08,23407.330078125,1105.0,19478.880859375,140.11000061035156,5162.35009765625
2025-01-09,23081.130859375,1100.0,,,
2025-01-10,23011.859375,1100.0,19161.630859375,135.91000366210938,5037.47021484375
2025-01-13,22488.330078125,1075.0,19088.099609375,133.22999572753906,5020.0400390625
2025-01-14,22797.51953125,1090.0,19044.390625,131.75999450683594,5045.9501953125
2025-01-15,22514.5703125,1065.0,19511.23046875,136.24000549316406,5153.669921875
2025-01-16,23025.099609375,1105.0,19338.2890625,133.57000732421875,5162.9599609375
2025-01-17,23148.080078125,1120.0,19630.19921875,137.7100067138672,5309.740234375
2025-01-20,23266.8203125,1120.0,,,
2025-01-21,23300.009765625,1120.0,19756.779296875,140.8300018310547,5378.5
2025-01-22,23525.41015625,1135.0,20009.33984375,147.07000732421875,5469.2900390625
2025-01-23,,,20053.6796875,147.22000122070312,5444.68994140625
2025-01-24,,,19954.30078125,142.6199951171875,5341.93994140625
2025-01-27,,,19341.830078125,118.41999816894533,4853.240234375
2025-01-28,,,19733.58984375,128.99000549316406,4907.02978515625
2025-01-29,,,19632.3203125,123.6999969482422,4918.10009765625
2025-01-30,,,19681.75,124.6500015258789,5030.52978515625
2025-01-31,,,19627.439453125,120.06999969482422,5015.85009765625
2025-02-03,22694.7109375,1070.0,19391.9609375,116.66000366210938,4924.81005859375
2025-02-04,22793.9609375,1095.0,19654.01953125,118.6500015258789,4976.58984375
2025-02-05,23161.580078125,1110.0,19692.330078125,124.83000183105467,5091.5
2025-02-06,23316.599609375,1115.0,19791.990234375,128.67999267578125,5092.58984375
2025-02-07,23478.26953125,1125.0,19523.400390625,129.83999633789062,5009.33984375
2025-02-10,23252.140625,1105.0,19714.26953125,133.57000732421875,5082.669921875
2025-02-11,23384.05078125,1110.0,19643.859375,132.8000030517578,5079.97021484375
2025-02-12,23289.75,1100.0,19649.94921875,131.13999938964844,5090.7900390625
2025-02-13,23399.41015625,1090.0,19945.640625,135.2899932861328,5156.39013671875
2025-02-14,23152.609375,1060.0,20026.76953125,138.85000610351562,5160.93994140625
2025-02-17,23505.330078125,1085.0,,,
2025-02-18,23666.109375,1100.0,20041.259765625,139.39999389648438,5247.85986328125
2025-02-19,23604.080078125,1090.0,20056.25,139.22999572753906,5309.68994140625
2025-02-20,23487.4609375,1080.0,19962.359375,140.11000061035156,5310.6298828125
2025-02-21,23730.25,1095.0,19524.009765625,134.42999267578125,5136.58984375
2025-02-24,23565.310546875,1075.0,19286.9296875,130.27999877929688,5003.5400390625
2025-02-25,23285.720703125,1055.0,19026.390625,126.62999725341795,4888.8798828125
2025-02-26,23402.55078125,1060.0,19075.259765625,131.27999877929688,4990.81982421875
2025-02-27,23053.1796875,1040.0,18544.419921875,120.1500015258789,4686.75
2025-02-28,,,18847.279296875,124.91999816894533,4766.75
2025-03-03,22756.25,1020.0,18350.189453125,114.05999755859376,4575.3701171875
2025-03-04,22596.880859375,1000.0,18285.16015625,115.98999786376952,4604.509765625
2025-03-05,22871.900390625,1020.0,18552.73046875,117.3000030517578,4700.7900390625
2025-03-06,22715.4296875,1005.0,18069.259765625,110.56999969482422,4487.85009765625
2025-03-07,22576.0703125,1005.0,18196.220703125,112.69000244140624,4629.58984375
2025-03-10,22459.150390625,998.0,17468.3203125,106.9800033569336,4405.08984375
2025-03-11,22071.08984375,971.0,17436.099609375,108.76000213623048,4374.06982421875
2025-03-12,22278.359375,988.0,17648.44921875,115.73999786376952,4481.02001953125
2025-03-13,21961.6796875,965.0,17303.009765625,115.58000183105467,4453.240234375
2025-03-14,21968.05078125,959.0,17754.08984375,121.66999816894533,4598.7900390625
2025-03-17,22118.630859375,970.0,17808.66015625,119.52999877929688,4663.97021484375
2025-03-18,22271.669921875,971.0,17504.119140625,115.43000030517578,4589.02978515625
2025-03-19,21960.830078125,952.0,17750.7890625,117.5199966430664,4634.52978515625
2025-03-20,22377.259765625,985.0,17691.630859375,118.52999877929688,4601.3701171875
2025-03-21,22209.099609375,972.0,17784.05078125,117.6999969482422,4557.9501953125
2025-03-24,22106.640625,972.0,18188.58984375,121.41000366210938,4694.22021484375
2025-03-25,22273.189453125,990.0,18271.859375,120.69000244140624,4661.33984375
2025-03-26,22260.2890625,980.0,17899.01953125,113.76000213623048,4508.740234375
2025-03-27,21951.759765625,958.0,17804.029296875,111.43000030517578,4415.25
2025-03-28,21602.890625,952.0,17322.990234375,109.66999816894533,4284.91015625
2025-03-31,20695.900390625,910.0,17299.2890625,108.37999725341795,4270.43017578125
2025-04-01,21280.169921875,944.0,17449.890625,110.1500015258789,4282.4599609375
2025-04-02,21298.220703125,942.0,17601.05078125,110.41999816894533,4320.75
2025-04-03,,,16550.609375,101.8000030517578,3893.68994140625
2025-04-04,,,15587.7900390625,94.30999755859376,3597.659912109375
2025-04-07,19232.349609375,848.0,15603.259765625,97.63999938964844,3694.949951171875
2025-04-08,18459.94921875,816.0,15267.91015625,96.3000030517578,3562.93994140625
2025-04-09,17391.759765625,785.0,17124.970703125,114.33000183105467,4230.4501953125
2025-04-10,19000.029296875,863.0,16387.310546875,107.56999969482422,3893.300048828125
2025-04-11,19528.76953125,889.0,16724.4609375,110.93000030517578,3990.89990234375
2025-04-14,19513.08984375,865.0,16831.48046875,110.70999908447266,4003.219970703125
2025-04-15,19857.669921875,877.0,16823.169921875,112.1999969482422,4021.889892578125
2025-04-16,19468.0,855.0,16307.16015625,104.48999786376952,3857.169921875
2025-04-17,19338.73046875,847.0,16286.4501953125,101.48999786376952,3832.469970703125
2025-04-18,19395.029296875,850.0,,,
2025-04-21,19106.19921875,835.0,15870.900390625,96.91000366210938,3751.909912109375
2025-04-22,18793.4296875,816.0,16300.419921875,98.88999938964844,3832.050048828125
2025-04-23,19639.140625,873.0,16708.05078125,102.70999908447266,3983.919921875
2025-04-24,19478.810546875,864.0,17166.0390625,106.43000030517578,4208.18994140625
2025-04-25,19872.73046875,888.0,17382.939453125,111.01000213623048,4251.60986328125
2025-04-28,20034.41015625,897.0,17366.130859375,108.7300033569336,4235.6201171875
2025-04-29,20232.630859375,902.0,17461.3203125,109.0199966430664,4196.75
2025-04-30,20235.029296875,908.0,17446.33984375,108.91999816894533,4230.08984375
2025-05-01,,,17710.740234375,111.61000061035156,4247.66015625
2025-05-02,20787.640625,950.0,17977.73046875,114.5,4397.0498046875
2025-05-05,20532.990234375,938.0,17844.240234375,113.81999969482422,4356.18017578125
2025-05-06,20522.58984375,920.0,17689.66015625,113.54000091552734,4311.2001953125
2025-05-07,20546.490234375,928.0,17738.16015625,117.05999755859376,4386.35986328125
2025-05-08,20543.400390625,918.0,17928.140625,117.37000274658205,4430.43994140625
2025-05-09,20915.0390625,949.0,17928.919921875,116.6500015258789,4466.5
2025-05-12,21129.5390625,957.0,18708.33984375,123.0,4780.93017578125
2025-05-13,21330.140625,969.0,19010.08984375,129.92999267578125,4931.35009765625
2025-05-14,21782.869140625,999.0,19146.810546875,135.33999633789062,4960.72998046875
2025-05-15,21730.25,993.0,19112.3203125,134.8300018310547,4932.4501953125
2025-05-16,21843.689453125,998.0,19211.099609375,135.39999389648438,4922.18994140625
2025-05-19,21523.830078125,984.0,19215.4609375,135.57000732421875,4897.7099609375
2025-05-20,21526.029296875,978.0,19142.7109375,134.3800048828125,4890.77978515625
2025-05-21,21803.91015625,990.0,18872.640625,131.8000030517578,4802.7099609375
2025-05-22,21670.9609375,982.0,18925.740234375,132.8300018310547,4775.47021484375
2025-05-23,21652.240234375,984.0,18737.2109375,131.2899932861328,4702.3798828125
2025-05-26,21536.5703125,976.0,,,
2025-05-27,21336.5390625,965.0,19199.16015625,135.5,4861.08984375
2025-05-28,21357.720703125,967.0,19100.939453125,134.80999755859375,4834.419921875
2025-05-29,21347.30078125,967.0,19175.869140625,139.19000244140625,4860.47998046875
2025-05-30,,,19113.76953125,135.1300048828125,4758.06005859375
