date,TSMC,SOX,TWSE,NASDAQ
2022-01-03,631.0,4027.219970703125,18270.509765625,15832.7998046875
2022-01-04,656.0,4009.0,18526.349609375,15622.7197265625
2022-01-05,650.0,3879.8701171875,18499.9609375,15100.169921875
2022-01-06,644.0,3909.0400390625,18367.919921875,15080.8603515625
2022-01-07,634.0,3796.320068359375,18169.759765625,14935.900390625
2022-01-10,643.0,3805.389892578125,18239.380859375,14942.830078125
2022-01-11,651.0,3875.43994140625,18288.2109375,15153.4501953125
2022-01-12,660.0,3901.2099609375,18375.400390625,15188.3896484375
2022-01-13,661.0,3811.840087890625,18436.9296875,14806.8095703125
2022-01-14,672.0,3900.610107421875,18403.330078125,14893.75
2022-01-17,683.0,,18525.439453125,
2022-01-18,662.0,3727.239990234375,18378.640625,14506.900390625
2022-01-19,654.0,3612.18994140625,18227.4609375,14340.259765625
2022-01-20,651.0,3494.75,18218.279296875,14154.01953125
2022-01-21,641.0,3434.7900390625,17899.30078125,13768.919921875
2022-01-24,653.0,3479.949951171875,17989.0390625,13855.1298828125
2022-01-25,641.0,3350.85009765625,17701.119140625,13539.2900390625
2022-01-26,636.0,3407.0,17674.400390625,13542.1201171875
2022-01-27,,3244.0,,13352.7802734375
2022-01-28,,3303.39990234375,,13770.5703125
2022-01-31,,3483.2099609375,,14239.8798828125
2022-02-01,,3510.860107421875,,14346.0
2022-02-02,,3597.169921875,,14417.5498046875
2022-02-03,,3432.550048828125,,13878.8203125
2022-02-04,,3453.070068359375,,14098.009765625
2022-02-07,635.0,3452.330078125,17900.30078125,14015.669921875
2022-02-08,628.0,3535.1298828125,17966.560546875,14194.4501953125
2022-02-09,633.0,3653.719970703125,18151.759765625,14490.3701171875
2022-02-10,649.0,3536.10009765625,18338.05078125,14185.6396484375
2022-02-11,650.0,3365.25,18310.939453125,13791.150390625
2022-02-14,637.0,3370.199951171875,17997.669921875,13790.919921875
2022-02-15,633.0,3554.449951171875,17951.810546875,14139.759765625
2022-02-16,646.0,3555.68994140625,18231.470703125,14124.08984375
2022-02-17,645.0,3422.60009765625,18268.5703125,13716.7197265625
2022-02-18,637.0,3384.300048828125,18232.349609375,13548.0703125
2022-02-21,632.0,,18221.490234375,
2022-02-22,627.0,3356.070068359375,17969.2890625,13381.51953125
2022-02-23,625.0,3277.800048828125,18055.73046875,13037.490234375
2022-02-24,604.0,3399.159912109375,17594.55078125,13473.58984375
2022-02-25,604.0,3452.669921875,17652.1796875,13694.6201171875
2022-02-28,,3429.530029296875,,13751.400390625
2022-03-01,604.0,3304.85009765625,17898.25,13532.4599609375
2022-03-02,601.0,3416.159912109375,17867.599609375,13752.01953125
2022-03-03,602.0,3339.760009765625,17934.400390625,13537.9404296875
2022-03-04,595.0,3258.919921875,17736.51953125,13313.4404296875
2022-03-07,576.0,3098.929931640625,17178.689453125,12830.9599609375
2022-03-08,563.0,3156.8701171875,16825.25,12795.5498046875
2022-03-09,568.0,3282.179931640625,17015.359375,13255.5498046875
2022-03-10,587.0,3211.070068359375,17433.19921875,13129.9599609375
2022-03-11,575.0,3144.14990234375,17264.740234375,12843.8095703125
2022-03-14,572.0,3047.5,17263.0390625,12581.2197265625
2022-03-15,558.0,3180.239990234375,16926.060546875,12948.6201171875
2022-03-16,558.0,3340.070068359375,16940.830078125,13436.5498046875
2022-03-17,582.0,3364.550048828125,17448.220703125,13614.7802734375
2022-03-18,581.0,3432.300048828125,17456.51953125,13893.83984375
2022-03-21,586.0,3423.239990234375,17560.359375,13838.4599609375
2022-03-22,583.0,3445.85009765625,17559.7109375,14108.8203125
2022-03-23,590.0,3360.320068359375,17731.369140625,13922.599609375
2022-03-24,591.0,3532.719970703125,17699.060546875,14191.83984375
2022-03-25,598.0,3525.340087890625,17676.94921875,14169.2998046875
2022-03-28,584.0,3547.169921875,17520.009765625,14354.900390625
2022-03-29,589.0,3625.580078125,17548.66015625,14619.6396484375
2022-03-30,600.0,3508.6201171875,17740.560546875,14442.26953125
2022-03-31,597.0,3429.0,17693.470703125,14220.51953125
2022-04-01,589.0,3366.639892578125,17625.58984375,14261.5
2022-04-04,,3424.949951171875,,14532.5498046875
2022-04-05,,3269.820068359375,,14204.169921875
2022-04-06,578.0,3193.9599609375,17522.5,13888.8203125
2022-04-07,566.0,3197.43994140625,17178.630859375,13897.2998046875
2022-04-08,567.0,3120.159912109375,17284.5390625,13711.0
2022-04-11,558.0,3055.090087890625,17048.369140625,13411.9599609375
2022-04-12,557.0,3047.469970703125,16990.91015625,13371.5703125
2022-04-13,573.0,3119.320068359375,17301.650390625,13643.58984375
2022-04-14,573.0,3028.219970703125,17245.650390625,13351.080078125
2022-04-15,562.0,,17004.1796875,
2022-04-18,561.0,3085.18994140625,16898.869140625,13332.3603515625
2022-04-19,565.0,3153.22998046875,16993.400390625,13619.66015625
2022-04-20,570.0,3142.199951171875,17148.880859375,13453.0703125
2022-04-21,565.0,3058.739990234375,17127.94921875,13174.650390625
2022-04-22,558.0,2989.830078125,17025.08984375,12839.2900390625
2022-04-25,547.0,3042.389892578125,16620.900390625,13004.849609375
2022-04-26,546.0,2909.1201171875,16644.7890625,12490.740234375
2022-04-27,526.0,2894.909912109375,16303.349609375,12488.9296875
2022-04-28,531.0,3056.360107421875,16419.380859375,12871.5302734375
2022-04-29,538.0,2919.739990234375,16592.1796875,12334.6396484375
2022-05-02,,3022.239990234375,,12536.01953125
2022-05-03,531.0,3044.889892578125,16498.900390625,12563.759765625
2022-05-04,534.0,3163.7900390625,16565.830078125,12964.8603515625
2022-05-05,542.0,3005.530029296875,16696.119140625,12317.6904296875
2022-05-06,528.0,2982.06005859375,16408.19921875,12144.66015625
2022-05-09,520.0,2829.10009765625,16048.919921875,11623.25
2022-05-10,518.0,2900.1298828125,16061.7001953125,11737.669921875
2022-05-11,521.0,2811.93994140625,16006.25,11364.240234375
2022-05-12,505.0,2827.2099609375,15616.6796875,11370.9599609375
2022-05-13,511.0,2970.3701171875,15832.5400390625,11805.0
2022-05-16,520.0,2920.06005859375,15901.0400390625,11662.7900390625
2022-05-17,530.0,3066.5,16056.08984375,11984.51953125
2022-05-18,538.0,2907.9599609375,16296.8603515625,11418.150390625
2022-05-19,522.0,2890.330078125,16020.3203125,11388.5
2022-05-20,530.0,2882.64990234375,16144.849609375,11354.6201171875
2022-05-23,528.0,2898.429931640625,16156.41015625,11535.26953125
2022-05-24,520.0,2827.050048828125,15963.6298828125,11264.4501953125
2022-05-25,524.0,2882.929931640625,16104.0302734375,11434.740234375
2022-05-26,514.0,2994.610107421875,15968.830078125,11740.650390625
2022-05-27,530.0,3115.35009765625,16266.2197265625,12131.1298828125
2022-05-30,547.0,,16610.619140625,
2022-05-31,560.0,3098.68994140625,16807.76953125,12081.3896484375
2022-06-01,549.0,3049.030029296875,16675.08984375,11994.4599609375
2022-06-02,540.0,3157.97998046875,16552.5703125,12316.900390625
2022-06-03,,3062.590087890625,,12012.73046875
2022-06-06,540.0,3062.739990234375,16605.9609375,12061.3701171875
2022-06-07,535.0,3092.969970703125,16512.880859375,12175.23046875
2022-06-08,544.0,3019.10009765625,16670.509765625,12086.26953125
2022-06-09,541.0,2937.7900390625,16621.33984375,11754.23046875
2022-06-10,530.0,2831.97998046875,16460.119140625,11340.01953125
2022-06-13,516.0,2673.0,16070.98046875,10809.23046875
2022-06-14,513.0,2689.889892578125,16047.3701171875,10828.349609375
2022-06-15,509.0,2737.550048828125,15999.25,11099.150390625
2022-06-16,508.0,2566.860107421875,15838.6103515625,10646.099609375
2022-06-17,501.0,2578.5400390625,15641.259765625,10798.349609375
2022-06-20,498.0,,15367.580078125,
2022-06-21,505.0,2649.3701171875,15728.6396484375,11069.2998046875
2022-06-22,494.5,2619.7099609375,15347.75,11053.080078125
2022-06-23,485.5,2602.739990234375,15176.4404296875,11232.1904296875
2022-06-24,486.5,2718.469970703125,15303.3203125,11607.6201171875
2022-06-27,498.5,2713.47998046875,15548.009765625,11524.5498046875
2022-06-28,497.5,2642.070068359375,15439.919921875,11181.5400390625
2022-06-29,491.0,2583.97998046875,15240.1298828125,11177.8896484375
2022-06-30,476.0,2556.25,14825.73046875,11028.740234375
2022-07-01,453.5,2458.4599609375,14343.080078125,11127.849609375
2022-07-04,440.0,,14217.0595703125,
2022-07-05,446.0,2477.639892578125,14349.2001953125,11322.240234375
2022-07-06,435.5,2494.110107421875,13985.509765625,11361.849609375
2022-07-07,457.5,2605.889892578125,14336.26953125,11621.349609375
2022-07-08,467.0,2618.02001953125,14464.5302734375,11635.3095703125
2022-07-11,462.0,2553.68994140625,14340.5302734375,11372.599609375
2022-07-12,449.5,2558.169921875,13950.6201171875,11264.73046875
2022-07-13,470.5,2577.360107421875,14324.6796875,11247.580078125
2022-07-14,475.0,2626.919921875,14438.51953125,11251.1904296875
2022-07-15,492.5,2693.77001953125,14550.6201171875,11452.419921875
2022-07-18,495.5,2679.570068359375,14719.6396484375,11360.0498046875
2022-07-19,491.0,2803.139892578125,14694.080078125,11713.150390625
2022-07-20,495.0,2872.9599609375,14733.2197265625,11897.650390625
2022-07-21,501.0,2916.81005859375,14937.7001953125,12059.6103515625
2022-07-22,503.0,2842.409912109375,14949.3603515625,11834.1103515625
2022-07-25,499.5,2825.030029296875,14936.330078125,11782.669921875
2022-07-26,495.0,2778.9599609375,14806.7802734375,11562.5703125
2022-07-27,502.0,2911.0,14921.58984375,12032.419921875
2022-07-28,501.0,2944.5,14891.900390625,12162.58984375
2022-07-29,509.0,2967.139892578125,15000.0703125,12390.6904296875
2022-08-01,504.0,2978.320068359375,14981.6904296875,12368.98046875
2022-08-02,492.0,2974.75,14747.23046875,12348.759765625
2022-08-03,501.0,3053.4599609375,14777.01953125,12668.16015625
2022-08-04,500.0,3081.409912109375,14702.2001953125,12720.580078125
2022-08-05,516.0,3053.389892578125,15036.0400390625,12657.5498046875
2022-08-08,512.0,3004.340087890625,15020.41015625,12644.4599609375
2022-08-09,510.0,2866.89990234375,15050.2802734375,12493.9296875
2022-08-10,500.0,2988.7099609375,14939.01953125,12854.7998046875
2022-08-11,514.0,2978.699951171875,15197.849609375,12779.91015625
2022-08-12,517.0,3067.840087890625,15288.9697265625,13047.1904296875
2022-08-15,523.0,3077.330078125,15417.349609375,13128.0498046875
2022-08-16,525.0,3045.639892578125,15420.5703125,13102.5498046875
2022-08-17,527.0,2970.1201171875,15465.4501953125,12938.1201171875
2022-08-18,520.0,3037.840087890625,15396.759765625,12965.33984375
2022-08-19,519.0,2953.340087890625,15408.7802734375,12705.2197265625
2022-08-22,512.0,2843.3701171875,15245.1396484375,12381.5703125
2022-08-23,504.0,2864.31005859375,15095.8896484375,12381.2998046875
2022-08-24,503.0,2866.179931640625,15069.1904296875,12431.5302734375
2022-08-25,508.0,2971.070068359375,15200.0400390625,12639.26953125
2022-08-26,512.0,2798.43994140625,15278.4404296875,12141.7099609375
2022-08-29,498.5,2744.5,14926.1904296875,12017.669921875
2022-08-30,496.0,2708.6298828125,14953.6298828125,11883.1396484375
2022-08-31,505.0,2677.389892578125,15095.4404296875,11816.2001953125
2022-09-01,490.5,2625.949951171875,14801.8603515625,11785.1298828125
2022-09-02,485.0,2599.260009765625,14673.0400390625,11630.8603515625
2022-09-05,486.0,,14661.099609375,
2022-09-06,489.0,2571.469970703125,14677.2001953125,11544.91015625
2022-09-07,472.5,2611.5,14410.0498046875,11791.900390625
2022-09-08,475.0,2658.179931640625,14583.419921875,11862.1298828125
2022-09-09,,2721.77001953125,,12112.3095703125
2022-09-12,486.5,2731.090087890625,14807.4296875,12266.41015625
2022-09-13,493.0,2562.27001953125,14894.41015625,11633.5703125
2022-09-14,480.0,2591.510009765625,14658.3095703125,11719.6796875
2022-09-15,476.5,2549.5400390625,14670.0400390625,11552.3603515625
2022-09-16,472.0,2563.139892578125,14561.759765625,11448.400390625
2022-09-19,467.0,2577.93994140625,14425.6796875,11535.01953125
2022-09-20,476.5,2539.5,14549.2998046875,11425.0498046875
2022-09-21,471.0,2514.9599609375,14424.51953125,11220.1904296875
2022-09-22,464.5,2444.25,14284.6298828125,11066.8095703125
2022-09-23,455.0,2408.89990234375,14118.3798828125,10867.9296875
2022-09-26,446.5,2373.469970703125,13778.1904296875,10802.919921875
2022-09-27,448.0,2398.0400390625,13826.58984375,10829.5
2022-09-28,438.0,2427.260009765625,13466.0703125,11051.6396484375
2022-09-29,435.0,2347.360107421875,13534.259765625,10737.509765625
2022-09-30,422.0,2306.699951171875,13424.580078125,10575.6201171875
2022-10-03,417.0,2393.320068359375,13300.48046875,10815.4296875
2022-10-04,429.0,2500.110107421875,13576.51953125,11176.41015625
2022-10-05,445.0,2523.610107421875,13801.4296875,11148.6396484375
2022-10-06,451.0,2508.840087890625,13892.0498046875,11073.3095703125
2022-10-07,438.0,2356.75,13702.2802734375,10652.400390625
2022-10-10,,2275.340087890625,,10542.099609375
2022-10-11,401.5,2218.489990234375,13106.0302734375,10426.1904296875
2022-10-12,397.5,2198.60009765625,13081.240234375,10417.099609375
2022-10-13,395.0,2263.239990234375,12810.73046875,10649.150390625
2022-10-14,412.0,2162.320068359375,13128.1201171875,10321.3896484375
2022-10-17,397.0,2211.659912109375,12966.0498046875,10675.7998046875
2022-10-18,407.0,2220.9599609375,13124.6796875,10772.400390625
2022-10-19,395.5,2237.739990234375,12976.759765625,10680.509765625
2022-10-20,397.5,2253.219970703125,12946.099609375,10614.83984375
2022-10-21,389.5,2336.68994140625,12819.2001953125,10859.7197265625
2022-10-24,387.0,2351.550048828125,12856.98046875,10952.6103515625
2022-10-25,371.0,2404.68994140625,12666.1201171875,11199.1201171875
2022-10-26,376.0,2376.330078125,12729.0498046875,10970.990234375
2022-10-27,385.5,2340.60009765625,12926.3701171875,10792.669921875
2022-10-28,379.5,2433.659912109375,12788.419921875,11102.4501953125
2022-10-31,390.0,2384.449951171875,12949.75,10988.150390625
2022-11-01,391.5,2402.75,13037.2099609375,10890.849609375
2022-11-02,395.0,2328.469970703125,13100.169921875,10524.7998046875
2022-11-03,384.0,2292.85009765625,12986.599609375,10342.9404296875
2022-11-04,382.0,2398.239990234375,13026.7099609375,10475.25
2022-11-07,390.0,2450.6201171875,13223.73046875,10564.51953125
2022-11-08,399.0,2503.389892578125,13347.759765625,10616.2001953125
2022-11-09,417.0,2424.820068359375,13638.8095703125,10353.169921875
2022-11-10,407.5,2672.5,13503.759765625,11114.150390625
2022-11-11,441.5,2754.89990234375,14007.5595703125,11323.330078125
2022-11-14,445.0,2728.050048828125,14174.900390625,11196.2197265625
2022-11-15,480.0,2810.610107421875,14546.3095703125,11358.41015625
2022-11-16,487.0,2690.820068359375,14537.349609375,11183.66015625
2022-11-17,485.0,2719.10009765625,14535.23046875,11144.9599609375
2022-11-18,487.0,2724.030029296875,14504.990234375,11146.0595703125
2022-11-21,482.0,2675.830078125,14449.3896484375,11024.509765625
2022-11-22,491.0,2756.820068359375,14542.2001953125,11174.41015625
2022-11-23,492.0,2786.419921875,14608.5400390625,11285.3203125
2022-11-24,496.0,,14784.0,
2022-11-25,498.0,2751.27001953125,14778.509765625,11226.3603515625
2022-11-28,480.5,2678.780029296875,14556.8701171875,11049.5
2022-11-29,487.0,2670.64990234375,14709.6396484375,10983.7802734375
2022-11-30,490.0,2826.85009765625,14879.5498046875,11468.0
2022-12-01,498.5,2804.699951171875,15012.7998046875,11482.4501953125
2022-12-02,492.5,2771.239990234375,14970.6796875,11461.5
2022-12-05,489.0,2738.050048828125,14980.740234375,11239.9404296875
2022-12-06,478.0,2673.530029296875,14728.8798828125,11014.8896484375
2022-12-07,475.0,2673.25,14630.009765625,10958.5498046875
2022-12-08,471.5,2744.72998046875,14553.0400390625,11082.0
2022-12-09,481.5,2721.02001953125,14705.4296875,11004.6201171875
2022-12-12,475.0,2779.2099609375,14612.58984375,11143.740234375
2022-12-13,471.5,2821.530029296875,14522.9599609375,11256.8095703125
2022-12-14,480.5,2777.27001953125,14739.3603515625,11170.8896484375
2022-12-15,480.5,2661.409912109375,14734.1298828125,10810.5302734375
2022-12-16,471.0,2636.10009765625,14528.5498046875,10705.41015625
2022-12-19,466.5,2599.860107421875,14433.3203125,10546.0302734375
2022-12-20,457.5,2583.639892578125,14170.0302734375,10547.1103515625
2022-12-21,459.0,2644.5,14234.400390625,10709.3701171875
2022-12-22,468.0,2533.330078125,14442.9404296875,10476.1201171875
2022-12-23,455.0,2535.489990234375,14271.6298828125,10497.8603515625
2022-12-26,456.5,,14285.1298828125,
2022-12-27,457.0,2490.169921875,14328.4296875,10353.23046875
2022-12-28,451.0,2453.489990234375,14173.099609375,10213.2900390625
2022-12-29,446.0,2534.949951171875,14085.01953125,10478.08984375
2022-12-30,448.5,2532.110107421875,14137.6904296875,10466.48046875
2023-01-03,453.0,2500.989990234375,14224.1201171875,10386.98046875
2023-01-04,449.5,2569.4599609375,14199.1298828125,10458.759765625
2023-01-05,458.5,2518.52001953125,14301.0498046875,10305.240234375
2023-01-06,458.5,2636.10009765625,14373.33984375,10569.2900390625
2023-01-09,481.0,2686.75,14752.2099609375,10635.650390625
2023-01-10,486.0,2721.2900390625,14802.9599609375,10742.6298828125
2023-01-11,484.5,2755.360107421875,14751.4404296875,10931.669921875
2023-01-12,486.5,2789.64990234375,14731.6396484375,11001.099609375
2023-01-13,500.0,2800.659912109375,14824.1298828125,11079.16015625
2023-01-16,505.0,,14927.009765625,
2023-01-17,503.0,2807.47998046875,14932.9296875,11095.1103515625
2023-01-18,,2789.469970703125,,10957.009765625
2023-01-19,,2710.43994140625,,10852.26953125
2023-01-20,,2794.68994140625,,11140.4296875
2023-01-23,,2934.830078125,,11364.41015625
2023-01-24,,2913.739990234375,,11334.26953125
2023-01-25,,2918.989990234375,,11313.3603515625
2023-01-26,,2966.60009765625,,11512.41015625
2023-01-27,,2945.27001953125,,11621.7099609375
2023-01-30,543.0,2866.68994140625,15493.8203125,11393.8095703125
2023-01-31,522.0,2921.919921875,15265.2001953125,11584.5498046875
2023-02-01,530.0,3073.469970703125,15420.1298828125,11816.3203125
2023-02-02,540.0,3141.840087890625,15595.16015625,12200.8203125
2023-02-03,542.0,3082.110107421875,15602.66015625,12006.9501953125
2023-02-06,526.0,3029.739990234375,15392.8203125,11887.4501953125
2023-02-07,523.0,3124.14990234375,15400.91015625,12113.7900390625
2023-02-08,540.0,3055.6298828125,15618.169921875,11910.51953125
2023-02-09,540.0,3059.6201171875,15598.7099609375,11789.580078125
2023-02-10,545.0,3011.14990234375,15586.650390625,11718.1201171875
2023-02-13,541.0,3057.320068359375,15544.2802734375,11891.7900390625
2023-02-14,545.0,3121.6298828125,15654.48046875,11960.150390625
2023-02-15,525.0,3133.070068359375,15432.8896484375,12070.58984375
2023-02-16,528.0,3055.239990234375,15550.5,11855.830078125
2023-02-17,518.0,3005.8701171875,15479.7001953125,11787.26953125
2023-02-20,517.0,,15551.23046875,
2023-02-21,516.0,2906.260009765625,15563.0,11492.2998046875
2023-02-22,507.0,2892.389892578125,15418.76953125,11507.0703125
2023-02-23,518.0,2988.81005859375,15615.41015625,11590.400390625
2023-02-24,511.0,2935.110107421875,15503.7900390625,11394.9404296875
2023-02-27,,2951.2099609375,,11466.98046875
2023-02-28,,2958.389892578125,,11455.5400390625
2023-03-01,522.0,2955.830078125,15598.490234375,11379.48046875
2023-03-02,519.0,2984.110107421875,15598.7197265625,11462.98046875
2023-03-03,516.0,3028.340087890625,15608.419921875,11689.009765625
2023-03-06,521.0,2994.590087890625,15763.509765625,11675.740234375
2023-03-07,524.0,2962.419921875,15857.8896484375,11530.330078125
2023-03-08,521.0,3041.389892578125,15818.2001953125,11576.0
2023-03-09,522.0,2980.2099609375,15770.66015625,11338.349609375
2023-03-10,513.0,2923.929931640625,15526.2001953125,11138.8896484375
2023-03-13,516.0,2921.7099609375,15560.490234375,11188.83984375
2023-03-14,510.0,3010.14990234375,15360.419921875,11428.150390625
2023-03-15,511.0,2977.389892578125,15387.58984375,11434.0498046875
2023-03-16,505.0,3098.070068359375,15221.1201171875,11717.2802734375
2023-03-17,518.0,3083.52001953125,15452.9599609375,11630.509765625
2023-03-20,512.0,3114.7099609375,15419.9697265625,11675.5400390625
2023-03-21,517.0,3116.889892578125,15513.4501953125,11860.1103515625
2023-03-22,533.0,3091.7099609375,15760.4599609375,11669.9599609375
2023-03-23,538.0,3174.360107421875,15863.9501953125,11787.400390625
2023-03-24,539.0,3121.260009765625,15914.7001953125,11823.9599609375
2023-03-27,531.0,3083.580078125,15830.3095703125,11768.83984375
2023-03-28,525.0,3057.27001953125,15701.48046875,11716.080078125
2023-03-29,530.0,3157.110107421875,15769.759765625,11926.240234375
2023-03-30,535.0,3208.260009765625,15849.4296875,12013.4697265625
2023-03-31,533.0,3230.860107421875,15868.0595703125,12221.91015625
2023-04-03,,3200.429931640625,,12189.4501953125
2023-04-04,,3142.5,,12126.330078125
2023-04-05,,3085.97998046875,,11996.8603515625
2023-04-06,530.0,3071.77001953125,15810.76953125,12087.9599609375
2023-04-07,531.0,,15836.5,
2023-04-10,529.0,3126.969970703125,15876.169921875,12084.3603515625
2023-04-11,524.0,3109.419921875,15913.8798828125,12031.8798828125
2023-04-12,520.0,3052.52001953125,15932.9697265625,11929.33984375
2023-04-13,510.0,3074.93994140625,15804.759765625,12166.26953125
2023-04-14,516.0,3070.449951171875,15929.4296875,12123.4697265625
2023-04-17,520.0,3066.679931640625,15963.5498046875,12157.7197265625
2023-04-18,515.0,3077.719970703125,15869.4404296875,12153.41015625
2023-04-19,510.0,3046.3798828125,15770.4697265625,12157.23046875
2023-04-20,513.0,3046.280029296875,15707.51953125,12059.5595703125
2023-04-21,511.0,3021.43994140625,15602.990234375,12072.4599609375
2023-04-24,507.0,3007.510009765625,15626.8701171875,12037.2001953125
2023-04-25,498.0,2906.2900390625,15370.73046875,11799.16015625
2023-04-26,491.5,2922.989990234375,15374.6298828125,11854.349609375
2023-04-27,493.5,2941.590087890625,15411.490234375,12142.240234375
2023-04-28,502.0,2994.969970703125,15579.1796875,12226.580078125
2023-05-01,,3019.090087890625,,12212.599609375
2023-05-02,501.0,2996.860107421875,15636.48046875,12080.509765625
2023-05-03,496.0,2957.3701171875,15553.41015625,12025.330078125
2023-05-04,498.0,2941.6298828125,15609.0302734375,11966.400390625
2023-05-05,500.0,3007.68994140625,15626.0703125,12235.41015625
2023-05-08,504.0,3024.409912109375,15699.5703125,12256.919921875
2023-05-09,510.0,2967.840087890625,15727.7001953125,12179.5498046875
2023-05-10,503.0,2997.510009765625,15641.759765625,12306.4404296875
2023-05-11,499.0,2978.719970703125,15514.6396484375,12328.509765625
2023-05-12,496.0,2972.85009765625,15502.3603515625,12284.740234375
2023-05-15,495.5,3052.639892578125,15475.0498046875,12365.2099609375
2023-05-16,505.0,3048.7099609375,15673.900390625,12343.0498046875
2023-05-17,519.0,3124.679931640625,15925.2900390625,12500.5703125
2023-05-18,530.0,3223.489990234375,16101.8798828125,12688.83984375
2023-05-19,532.0,3203.489990234375,16174.919921875,12657.900390625
2023-05-22,531.0,3215.0400390625,16180.8896484375,12720.7802734375
2023-05-23,530.0,3177.43994140625,16188.0302734375,12560.25
2023-05-24,525.0,3124.090087890625,16159.3203125,12484.16015625
2023-05-25,543.0,3336.719970703125,16292.0,12698.08984375
2023-05-26,566.0,3545.669921875,16505.05078125,12975.6904296875
2023-05-29,568.0,,16636.30078125,
2023-05-30,566.0,3549.389892578125,16622.740234375,13017.4296875
2023-05-31,558.0,3453.179931640625,16578.9609375,12935.2900390625
2023-06-01,551.0,3506.739990234375,16512.650390625,13100.98046875
2023-06-02,562.0,3501.39990234375,16706.91015625,13240.76953125
2023-06-05,555.0,3444.1201171875,16714.4296875,13229.4296875
2023-06-06,560.0,3488.340087890625,16761.66015625,13276.419921875
2023-06-07,568.0,3477.179931640625,16922.48046875,13104.900390625
2023-06-08,559.0,3514.320068359375,16733.689453125,13238.51953125
2023-06-09,565.0,3524.969970703125,16886.400390625,13259.1396484375
2023-06-12,574.0,3641.659912109375,16955.369140625,13461.919921875
2023-06-13,593.0,3683.659912109375,17216.599609375,13573.3203125
2023-06-14,590.0,3739.75,17238.140625,13626.48046875
2023-06-15,591.0,3708.06005859375,17334.98046875,13782.8203125
2023-06-16,589.0,3673.139892578125,17288.91015625,13689.5703125
2023-06-19,583.0,,17274.560546875,
2023-06-20,583.0,3647.56005859375,17184.91015625,13667.2900390625
2023-06-21,581.0,3549.72998046875,17202.400390625,13502.2001953125
2023-06-22,,3569.8701171875,,13630.6103515625
2023-06-23,,3506.7099609375,,13492.51953125
2023-06-26,574.0,3515.77001953125,17059.240234375,13335.7802734375
2023-06-27,572.0,3642.409912109375,16887.900390625,13555.669921875
2023-06-28,574.0,3609.47998046875,16935.630859375,13591.75
2023-06-29,573.0,3614.179931640625,16942.30078125,13591.330078125
2023-06-30,576.0,3673.06005859375,16915.5390625,13787.919921875
2023-07-03,579.0,3703.6201171875,17084.19921875,13816.76953125
2023-07-04,585.0,,17140.76953125,
2023-07-05,582.0,3622.320068359375,17056.4296875,13791.650390625
2023-07-06,565.0,3577.489990234375,16762.169921875,13679.0400390625
2023-07-07,565.0,3577.72998046875,16664.2109375,13660.7197265625
2023-07-10,565.0,3651.60009765625,16652.80078125,13685.48046875
2023-07-11,577.0,3653.530029296875,16898.91015625,13760.7001953125
2023-07-12,578.0,3721.469970703125,16962.029296875,13918.9599609375
2023-07-13,585.0,3797.1298828125,17061.400390625,14138.5703125
2023-07-14,591.0,3750.409912109375,17283.7109375,14113.7001953125
2023-07-17,591.0,3837.31005859375,17334.2890625,14244.9501953125
2023-07-18,581.0,3842.360107421875,17227.91015625,14353.6396484375
2023-07-19,581.0,3801.659912109375,17116.439453125,14358.01953125
2023-07-20,579.0,3663.85009765625,17164.890625,14063.3095703125
2023-07-21,560.0,3698.85009765625,17030.69921875,14032.8095703125
2023-07-24,558.0,3692.320068359375,17033.609375,14058.8701171875
2023-07-25,569.0,3755.27001953125,17198.890625,14144.5595703125
2023-07-26,566.0,3699.3701171875,17162.55078125,14127.2802734375
2023-07-27,569.0,3768.27001953125,17241.8203125,14050.1103515625
2023-07-28,567.0,3851.760009765625,17292.9296875,14316.66015625
2023-07-31,565.0,3861.6298828125,17145.4296875,14346.01953125
2023-08-01,567.0,3858.2099609375,17212.869140625,14283.91015625
2023-08-02,561.0,3711.60009765625,16893.73046875,13973.4501953125
2023-08-03,,3708.080078125,,13959.7197265625
2023-08-04,554.0,3699.199951171875,16843.6796875,13909.240234375
2023-08-07,558.0,3739.409912109375,16996.0,13994.400390625
2023-08-08,552.0,3679.419921875,16877.0703125,13884.3203125
2023-08-09,554.0,3610.47998046875,16870.939453125,13722.01953125
2023-08-10,551.0,3597.02001953125,16634.69921875,13737.990234375
2023-08-11,546.0,3514.550048828125,16601.25,13644.849609375
2023-08-14,541.0,3615.449951171875,16393.66015625,13788.330078125
2023-08-15,542.0,3553.9599609375,16454.80078125,13631.0498046875
2023-08-16,542.0,3480.080078125,16446.779296875,13474.6298828125
2023-08-17,544.0,3446.35009765625,16516.66015625,13316.9296875
2023-08-18,539.0,3462.739990234375,16381.3095703125,13290.7802734375
2023-08-21,537.0,3560.739990234375,16381.490234375,13497.58984375
2023-08-22,541.0,3527.68994140625,16437.609375,13505.8701171875
2023-08-23,552.0,3602.010009765625,16576.900390625,13721.0302734375
2023-08-24,564.0,3481.300048828125,16770.869140625,13463.9697265625
2023-08-25,546.0,3495.64990234375,16481.580078125,13590.650390625
2023-08-28,549.0,3537.8701171875,16509.259765625,13705.1298828125
2023-08-29,552.0,3629.570068359375,16623.650390625,13943.759765625
2023-08-30,555.0,3643.919921875,16719.8203125,14019.3095703125
2023-08-31,549.0,3670.929931640625,16634.509765625,14034.9697265625
2023-09-01,548.0,3682.840087890625,16644.939453125,14031.8095703125
2023-09-04,557.0,,16789.689453125,
2023-09-05,552.0,3683.7900390625,16791.609375,14020.9501953125
2023-09-06,550.0,3654.4599609375,16738.16015625,13872.4697265625
2023-09-07,542.0,3582.110107421875,16619.140625,13748.830078125
2023-09-08,539.0,3565.989990234375,16576.01953125,13761.5302734375
2023-09-11,536.0,3569.22998046875,16432.94921875,13917.8896484375
2023-09-12,544.0,3541.090087890625,16572.7109375,13773.6103515625
2023-09-13,541.0,3560.4599609375,16581.509765625,13813.58984375
2023-09-14,550.0,3584.22998046875,16807.560546875,13926.0498046875
2023-09-15,558.0,3476.389892578125,16920.919921875,13708.330078125
2023-09-18,540.0,3492.469970703125,16698.240234375,13710.240234375
2023-09-19,538.0,3459.02001953125,16636.3203125,13678.1904296875
2023-09-20,535.0,3398.81005859375,16534.75,13469.1298828125
2023-09-21,527.0,3338.85009765625,16316.669921875,13223.98046875
2023-09-22,522.0,3365.2900390625,16344.48046875,13211.8095703125
2023-09-25,525.0,3389.4599609375,16452.23046875,13271.3203125
2023-09-26,519.0,3329.6201171875,16276.0703125,13063.6103515625
2023-09-27,522.0,3361.409912109375,16310.3603515625,13092.849609375
2023-09-28,523.0,3420.989990234375,16353.740234375,13201.2802734375
2023-09-29,,3434.2900390625,,13219.3203125
2023-10-02,533.0,3448.85009765625,16557.310546875,13307.76953125
2023-10-03,529.0,3376.580078125,16454.33984375,13059.4697265625
2023-10-04,520.0,3424.919921875,16273.3798828125,13236.009765625
2023-10-05,528.0,3406.97998046875,16453.51953125,13219.830078125
2023-10-06,532.0,3475.2099609375,16520.5703125,13431.33984375
2023-10-09,,3467.35009765625,,13484.240234375
2023-10-10,,3512.070068359375,,13562.83984375
2023-10-11,544.0,3537.830078125,16672.029296875,13659.6796875
2023-10-12,550.0,3548.6201171875,16825.91015625,13574.2197265625
2023-10-13,553.0,3452.969970703125,16782.5703125,13407.23046875
2023-10-16,545.0,3502.510009765625,16652.240234375,13567.98046875
2023-10-17,551.0,3474.659912109375,16642.55078125,13533.75
2023-10-18,540.0,3413.449951171875,16440.91015625,13314.2998046875
2023-10-19,546.0,3367.77001953125,16452.73046875,13186.1796875
2023-10-20,556.0,3316.139892578125,16440.720703125,12983.8095703125
2023-10-23,544.0,3298.5400390625,16251.3603515625,13018.330078125
2023-10-24,544.0,3343.93994140625,16309.759765625,13139.8701171875
2023-10-25,544.0,3205.840087890625,16358.8896484375,12821.2197265625
2023-10-26,531.0,3188.419921875,16073.740234375,12595.6103515625
2023-10-27,533.0,3227.090087890625,16134.6103515625,12643.009765625
2023-10-30,532.0,3185.179931640625,16149.6796875,12789.48046875
2023-10-31,529.0,3215.889892578125,16001.26953125,12851.240234375
2023-11-01,528.0,3290.949951171875,16038.5595703125,13061.4697265625
2023-11-02,547.0,3368.5400390625,16396.94921875,13294.1904296875
2023-11-03,549.0,3454.570068359375,16507.650390625,13478.2802734375
2023-11-06,550.0,3444.889892578125,16649.359375,13518.7802734375
2023-11-07,555.0,3471.4599609375,16684.94921875,13639.8603515625
2023-11-08,556.0,3472.669921875,16740.830078125,13650.41015625
2023-11-09,557.0,3452.340087890625,16745.650390625,13521.4501953125
2023-11-10,557.0,3591.739990234375,16682.669921875,13798.1103515625
2023-11-13,571.0,3556.75,16839.2890625,13767.740234375
2023-11-14,572.0,3685.570068359375,16915.7109375,14094.3798828125
2023-11-15,581.0,3712.090087890625,17128.779296875,14103.83984375
2023-11-16,583.0,3724.10009765625,17171.1796875,14113.669921875
2023-11-17,580.0,3748.64990234375,17208.94921875,14125.48046875
2023-11-20,577.0,3805.81005859375,17210.470703125,14284.5302734375
2023-11-21,585.0,3732.7900390625,17416.69921875,14199.98046875
2023-11-22,577.0,3744.9599609375,17310.259765625,14265.8603515625
2023-11-23,578.0,,17294.55078125,
2023-11-24,575.0,3747.929931640625,17287.419921875,14250.849609375
2023-11-27,568.0,3739.31005859375,17137.419921875,14241.01953125
2023-11-28,575.0,3718.35009765625,17341.25,14281.759765625
2023-11-29,574.0,3753.360107421875,17370.560546875,14258.490234375
2023-11-30,577.0,3724.580078125,17433.849609375,14226.2197265625
2023-12-01,579.0,3738.27001953125,17438.349609375,14305.0302734375
2023-12-04,574.0,3693.43994140625,17421.48046875,14185.490234375
2023-12-05,570.0,3672.39990234375,17328.009765625,14229.91015625
2023-12-06,570.0,3645.820068359375,17360.720703125,14146.7099609375
2023-12-07,566.0,3747.5400390625,17278.740234375,14339.990234375
2023-12-08,570.0,3774.169921875,17383.990234375,14403.9697265625
2023-12-11,574.0,3902.389892578125,17418.33984375,14432.490234375
2023-12-12,578.0,3930.179931640625,17450.630859375,14533.400390625
2023-12-13,577.0,3990.949951171875,17468.9296875,14733.9599609375
2023-12-14,582.0,4097.47021484375,17653.109375,14761.5595703125
2023-12-15,585.0,4117.0,17673.869140625,14813.919921875
2023-12-18,585.0,4103.7900390625,17652.029296875,14904.8095703125
2023-12-19,585.0,4125.56005859375,17576.55078125,15003.2197265625
2023-12-20,585.0,4007.659912109375,17635.19921875,14777.9404296875
2023-12-21,577.0,4118.58984375,17543.740234375,14963.8701171875
2023-12-22,582.0,4132.85009765625,17596.630859375,14992.9697265625
2023-12-25,581.0,,17604.83984375,
2023-12-26,586.0,4207.4501953125,17751.73046875,15074.5703125
2023-12-27,592.0,4214.58984375,17891.5,15099.1796875
2023-12-28,593.0,4208.68017578125,17910.369140625,15095.1396484375
2023-12-29,593.0,4175.47021484375,17930.810546875,15011.349609375
2024-01-02,593.0,4023.0400390625,17853.759765625,14765.9404296875
2024-01-03,578.0,3941.2099609375,17559.310546875,14592.2099609375
2024-01-04,580.0,3908.85009765625,17549.650390625,14510.2998046875
2024-01-05,576.0,3933.489990234375,17519.140625,14524.0703125
2024-01-08,583.0,4062.47998046875,17572.66015625,14843.76953125
2024-01-09,586.0,4064.64990234375,17535.490234375,14857.7099609375
2024-01-10,584.0,4048.840087890625,17465.630859375,14969.650390625
2024-01-11,586.0,4067.89990234375,17545.3203125,14970.1904296875
2024-01-12,584.0,4052.429931640625,17512.830078125,14972.759765625
2024-01-15,586.0,,17546.8203125,
2024-01-16,580.0,4105.93994140625,17346.869140625,14944.349609375
2024-01-17,581.0,4069.949951171875,17161.7890625,14855.6201171875
2024-01-18,588.0,4206.52001953125,17227.7890625,15055.650390625
2024-01-19,626.0,4375.64990234375,17681.51953125,15310.9697265625
2024-01-22,626.0,4386.60009765625,17815.099609375,15360.2900390625
2024-01-23,628.0,4415.259765625,17874.58984375,15425.9404296875
2024-01-24,627.0,4483.330078125,17875.830078125,15481.919921875
2024-01-25,642.0,4472.259765625,18002.619140625,15510.5
2024-01-26,644.0,4342.10009765625,17995.029296875,15455.3603515625
2024-01-29,648.0,4388.27001953125,18119.630859375,15628.0400390625
2024-01-30,642.0,4319.990234375,18034.630859375,15509.900390625
2024-01-31,628.0,4260.919921875,17889.560546875,15164.009765625
2024-02-01,628.0,4280.47998046875,17968.109375,15361.6396484375
2024-02-02,635.0,4336.72998046875,18059.9296875,15628.9501953125
2024-02-05,646.0,4388.10009765625,18096.0703125,15597.6796875
2024-02-06,,4338.27001953125,,15609.0
2024-02-07,,4408.72998046875,,15756.6396484375
2024-02-08,,4478.009765625,,15793.7099609375
2024-02-09,,4567.2998046875,,15990.66015625
2024-02-12,,4560.0400390625,,15942.5498046875
2024-02-13,,4468.18017578125,,15655.599609375
2024-02-14,,4565.41015625,,15859.150390625
2024-02-15,697.0,4558.10009765625,18644.5703125,15906.169921875
2024-02-16,683.0,4527.68017578125,18607.25,15775.650390625
2024-02-19,678.0,,18635.80078125,
2024-02-20,687.0,4456.8701171875,18753.16015625,15630.7802734375
2024-02-21,681.0,4446.35986328125,18676.310546875,15580.8701171875
2024-02-22,692.0,4667.3701171875,18852.779296875,16041.6201171875
2024-02-23,697.0,4615.02978515625,18889.189453125,15996.8203125
2024-02-26,698.0,4663.47021484375,18948.05078125,15976.25
2024-02-27,698.0,4654.89013671875,18854.41015625,16035.2998046875
2024-02-28,,4602.60009765625,,15947.740234375
2024-02-29,690.0,4726.919921875,18966.76953125,16091.919921875
2024-03-01,689.0,4929.580078125,18935.9296875,16274.9404296875
2024-03-04,725.0,4981.97021484375,19305.310546875,16207.509765625
2024-03-05,730.0,4879.830078125,19386.919921875,15939.58984375
2024-03-06,735.0,4997.93017578125,19499.44921875,16031.5400390625
2024-03-07,760.0,5165.830078125,19693.51953125,16273.3798828125
2024-03-08,784.0,4957.77978515625,19785.3203125,16085.1103515625
2024-03-11,766.0,4890.2001953125,19726.080078125,16019.26953125
2024-03-12,770.0,4992.509765625,19914.55078125,16265.6396484375
2024-03-13,779.0,4868.9501953125,19928.509765625,16177.76953125
2024-03-14,784.0,4783.64990234375,19937.919921875,16128.5302734375
2024-03-15,753.0,4757.7099609375,19682.5,15973.169921875
2024-03-18,764.0,4757.60009765625,19879.849609375,16103.4501953125
2024-03-19,762.0,4712.81005859375,19857.19921875,16166.7900390625
2024-03-20,758.0,4788.18017578125,19784.44921875,16369.41015625
2024-03-21,784.0,4897.8798828125,20199.08984375,16401.83984375
2024-03-22,785.0,4908.259765625,20228.4296875,16428.8203125
2024-03-25,780.0,4891.490234375,20192.25,16384.470703125
2024-03-26,782.0,4851.8798828125,20126.490234375,16315.7001953125
2024-03-27,779.0,4899.9501953125,20200.119140625,16399.51953125
2024-03-28,769.0,4905.2099609375,20146.55078125,16379.4599609375
2024-03-29,776.0,,20294.44921875,
2024-04-01,770.0,4962.10009765625,20222.330078125,16396.830078125
2024-04-02,790.0,4886.93994140625,20466.5703125,16240.4501953125
2024-04-03,780.0,4903.5,20337.599609375,16277.4599609375
2024-04-04,,4756.06982421875,,16049.080078125
2024-04-05,,4819.1298828125,,16248.51953125
2024-04-08,783.0,4825.39013671875,20417.69921875,16253.9599609375
2024-04-09,819.0,4870.81005859375,20796.19921875,16306.6396484375
2024-04-10,815.0,4790.35009765625,20763.529296875,16170.3603515625
2024-04-11,820.0,4906.3701171875,20753.220703125,16442.19921875
2024-04-12,818.0,4745.0498046875,20736.5703125,16175.08984375
2024-04-15,806.0,4679.10009765625,20449.76953125,15885.01953125
2024-04-16,788.0,4720.52978515625,19901.9609375,15865.25
2024-04-17,804.0,4567.31005859375,20213.330078125,15683.3701171875
2024-04-18,804.0,4491.7099609375,20301.19921875,15601.5
2024-04-19,750.0,4306.8701171875,19527.119140625,15282.009765625
2024-04-22,742.0,4381.919921875,19411.220703125,15451.3095703125
2024-04-23,754.0,4478.7998046875,19599.279296875,15696.6396484375
2024-04-24,783.0,4526.2001953125,20131.740234375,15712.75
2024-04-25,766.0,4615.0400390625,19857.419921875,15611.759765625
2024-04-26,782.0,4735.2900390625,20120.509765625,15927.900390625
2024-04-29,795.0,4765.7900390625,20495.51953125,15983.080078125
2024-04-30,790.0,4673.2998046875,20396.599609375,15657.8203125
2024-05-01,,4507.68017578125,,15605.48046875
2024-05-02,772.0,4605.35009765625,20222.439453125,15840.9599609375
2024-05-03,780.0,4716.18994140625,20330.3203125,16156.330078125
2024-05-06,786.0,4820.4501953125,20523.310546875,16349.25
2024-05-07,800.0,4784.8798828125,20653.529296875,16332.5595703125
2024-05-08,802.0,4790.3798828125,20700.509765625,16302.759765625
2024-05-09,796.0,4759.77001953125,20560.76953125,16346.259765625
2024-05-10,802.0,4808.02978515625,20708.83984375,16340.8701171875
2024-05-13,819.0,4823.08984375,20857.7109375,16388.240234375
2024-05-14,825.0,4903.93017578125,20985.849609375,16511.1796875
2024-05-15,839.0,5045.080078125,21147.2109375,16742.390625
2024-05-16,841.0,5017.5400390625,21304.259765625,16698.3203125
2024-05-17,835.0,4983.02001953125,21258.470703125,16685.970703125
2024-05-20,835.0,5090.35009765625,21271.630859375,16794.869140625
2024-05-21,841.0,5074.39990234375,21236.75,16832.619140625
2024-05-22,864.0,5126.81005859375,21551.830078125,16801.5390625
2024-05-23,875.0,5125.97998046875,21607.4296875,16736.029296875
2024-05-24,867.0,5220.919921875,21565.33984375,16920.7890625
2024-05-27,869.0,,21803.76953125,
2024-05-28,865.0,5317.8701171875,21858.41015625,17019.880859375
2024-05-29,857.0,5219.31982421875,21662.5,16920.580078125
2024-05-30,838.0,5173.259765625,21364.48046875,16737.080078125
2024-05-31,821.0,5123.35986328125,21174.220703125,16735.01953125
2024-06-03,846.0,5152.509765625,21536.759765625,16828.669921875
2024-06-04,839.0,5116.27001953125,21356.619140625,16857.05078125
2024-06-05,854.0,5347.43994140625,21484.880859375,17187.900390625
2024-06-06,894.0,5301.68017578125,21902.69921875,17173.119140625
2024-06-07,879.0,5287.240234375,21858.380859375,17133.130859375
2024-06-10,,5362.39990234375,,17192.529296875
2024-06-11,883.0,5365.3798828125,21792.119140625,17343.55078125
2024-06-12,909.0,5520.8701171875,22048.9609375,17608.439453125
2024-06-13,919.0,5602.419921875,22312.0390625,17667.560546875
2024-06-14,922.0,5598.31005859375,22504.720703125,17688.880859375
2024-06-17,921.0,5688.10009765625,22496.529296875,17857.01953125
2024-06-18,943.0,5765.1201171875,22757.4296875,17862.23046875
2024-06-19,981.0,,23209.5390625,
2024-06-20,981.0,5610.009765625,23406.099609375,17721.58984375
2024-06-21,970.0,5538.5400390625,23253.390625,17689.359375
2024-06-24,940.0,5371.52001953125,22813.69921875,17496.8203125
2024-06-25,945.0,5467.66015625,22875.970703125,17717.650390625
2024-06-26,960.0,5452.31982421875,22986.689453125,17805.16015625
2024-06-27,960.0,5421.08984375,22905.98046875,17858.6796875
2024-06-28,966.0,5472.259765625,23032.25,17732.599609375
2024-07-01,968.0,5477.14990234375,23058.5703125,17879.30078125
2024-07-02,960.0,5544.990234375,22879.369140625,18028.759765625
2024-07-03,979.0,5651.72021484375,23172.4296875,18188.30078125
2024-07-04,1005.0,,23522.529296875,
2024-07-05,1005.0,5656.31005859375,23556.58984375,18352.759765625
2024-07-08,1035.0,5765.2099609375,23878.150390625,18403.740234375
2024-07-09,1040.0,5765.2001953125,23900.080078125,18429.2890625
2024-07-10,1045.0,5904.5400390625,24007.080078125,18647.44921875
2024-07-11,1080.0,5699.66015625,24390.029296875,18283.41015625
2024-07-12,1040.0,5775.18994140625,23916.9296875,18398.44921875
2024-07-15,1040.0,5777.7099609375,23879.359375,18472.5703125
2024-07-16,1055.0,5804.02978515625,23997.25,18509.33984375
2024-07-17,1030.0,5408.7099609375,23769.8203125,17996.919921875
2024-07-18,1005.0,5436.419921875,23398.470703125,17871.220703125
2024-07-19,970.0,5267.16015625,22869.259765625,17726.939453125
2024-07-22,939.0,5477.830078125,22256.990234375,18007.5703125
2024-07-23,979.0,5397.89990234375,22871.83984375,17997.349609375
2024-07-24,,5105.64990234375,,17342.41015625
2024-07-25,,5005.35986328125,,17181.720703125
2024-07-26,924.0,5103.1298828125,22119.2109375,17357.880859375
2024-07-29,944.0,5087.6201171875,22164.490234375,17370.19921875
2024-07-30,940.0,4890.14990234375,22223.5703125,17147.419921875
2024-07-31,934.0,5233.18017578125,22199.349609375,17599.400390625
2024-08-01,960.0,4859.58984375,22642.099609375,17194.150390625
2024-08-02,903.0,4607.759765625,21638.08984375,16776.16015625
2024-08-05,815.0,4519.4501953125,19830.880859375,16200.080078125
2024-08-06,880.0,4567.56982421875,20501.01953125,16366.849609375
2024-08-07,920.0,4426.27001953125,21295.279296875,16195.8095703125
2024-08-08,896.0,4730.009765625,20870.099609375,16660.01953125
2024-08-09,934.0,4709.4501953125,21469.0,16745.30078125
2024-08-12,940.0,4743.81982421875,21773.259765625,16780.609375
2024-08-13,941.0,4942.31005859375,21796.5703125,17187.609375
2024-08-14,948.0,4933.35009765625,22027.25,17192.599609375
2024-08-15,943.0,5173.3798828125,21895.169921875,17594.5
2024-08-16,969.0,5170.25,22349.330078125,17631.720703125
2024-08-19,973.0,5266.56982421875,22409.630859375,17876.76953125
2024-08-20,973.0,5196.2998046875,22429.099609375,17816.939453125
2024-08-21,958.0,5267.93017578125,22237.890625,17918.990234375
2024-08-22,951.0,5086.89990234375,22148.830078125,17619.349609375
2024-08-23,949.0,5228.64990234375,22158.05078125,17877.7890625
2024-08-26,950.0,5097.35009765625,22240.119140625,17725.76953125
2024-08-27,942.0,5153.6298828125,22185.0,17754.8203125
2024-08-28,964.0,5059.56005859375,22370.66015625,17556.029296875
2024-08-29,943.0,5029.25,22201.849609375,17516.4296875
2024-08-30,944.0,5158.81982421875,22268.08984375,17713.619140625
2024-09-02,948.0,,22235.099609375,
2024-09-03,940.0,4759.0,22092.2109375,17136.30078125
2024-09-04,889.0,4770.85009765625,21092.75,17084.30078125
2024-09-05,902.0,4742.419921875,21187.7109375,17127.66015625
2024-09-06,918.0,4528.22021484375,21435.189453125,16690.830078125
2024-09-09,899.0,4625.77978515625,21144.439453125,16884.599609375
2024-09-10,904.0,4680.669921875,21064.080078125,17025.880859375
2024-09-11,901.0,4910.169921875,21031.0,17395.529296875
2024-09-12,940.0,4898.43994140625,21653.25,17569.6796875
2024-09-13,947.0,4980.490234375,21759.650390625,17683.98046875
2024-09-16,947.0,4910.43994140625,21850.080078125,17592.130859375
2024-09-17,,4912.10009765625,,17628.060546875
2024-09-18,941.0,4859.2900390625,21678.83984375,17573.30078125
2024-09-19,960.0,5066.64990234375,22042.689453125,18013.98046875
2024-09-20,973.0,5000.06005859375,22159.419921875,17948.3203125
2024-09-23,977.0,5025.81005859375,22285.529296875,17974.26953125
2024-09-24,987.0,5091.77978515625,22431.779296875,18074.51953125
2024-09-25,1005.0,5132.52001953125,22761.599609375,18082.2109375
2024-09-26,1015.0,5310.5,22858.810546875,18190.2890625
2024-09-27,1000.0,5217.22998046875,22822.7890625,18119.58984375
2024-09-30,957.0,5173.06005859375,22224.5390625,18189.169921875
2024-10-01,972.0,5024.93994140625,22390.390625,17910.359375
2024-10-02,,5099.2001953125,,17925.119140625
2024-10-03,,5125.2099609375,,17918.48046875
2024-10-04,977.0,5206.83984375,22302.7109375,18137.849609375
2024-10-07,1005.0,5196.7998046875,22702.560546875,17923.900390625
2024-10-08,1010.0,5266.10009765625,22611.390625,18182.919921875
2024-10-09,1020.0,5321.89990234375,22659.080078125,18291.619140625
2024-10-10,,5293.93994140625,,18282.05078125
2024-10-11,1045.0,5335.93994140625,22901.640625,18342.939453125
2024-10-14,1045.0,5432.2099609375,22975.2890625,18502.689453125
2024-10-15,1070.0,5145.2099609375,23292.0390625,18315.58984375
2024-10-16,1045.0,5155.85986328125,23010.98046875,18367.080078125
2024-10-17,1035.0,5204.81005859375,23053.83984375,18373.609375
2024-10-18,1085.0,5208.6201171875,23487.26953125,18489.55078125
2024-10-21,1085.0,5215.2099609375,23542.529296875,18540.009765625
2024-10-22,1075.0,5190.7099609375,23535.4296875,18579.76953125
2024-10-23,1060.0,5131.3701171875,23334.759765625,18276.650390625
2024-10-24,1060.0,5157.60986328125,23192.51953125,18415.490234375
2024-10-25,1065.0,5212.830078125,23348.44921875,18518.609375
2024-10-28,1050.0,5211.669921875,23198.0703125,18567.189453125
2024-10-29,1040.0,5332.169921875,22926.58984375,18712.75
2024-10-30,1030.0,5153.490234375,22820.4296875,18607.9296875
2024-10-31,,4946.75,,18095.150390625
2024-11-01,1025.0,5001.43017578125,22780.080078125,18239.919921875
2024-11-04,1040.0,4974.0,22965.390625,18179.98046875
2024-11-05,1050.0,5057.830078125,23106.7890625,18439.169921875
2024-11-06,1060.0,5215.56982421875,23217.380859375,18983.470703125
2024-11-07,1065.0,5333.990234375,23408.8203125,19269.4609375
2024-11-08,1090.0,5290.52001953125,23553.890625,19286.779296875
2024-11-11,1085.0,5156.39013671875,23529.640625,19298.759765625
2024-11-12,1050.0,5108.64013671875,22981.76953125,19281.400390625
2024-11-13,1035.0,5006.2900390625,22860.23046875,19230.720703125
2024-11-14,1035.0,5004.58984375,22715.380859375,19107.650390625
2024-11-15,1035.0,4833.58984375,22742.76953125,18680.119140625
2024-11-18,1025.0,4888.77001953125,22546.5390625,18791.810546875
2024-11-19,1040.0,4919.16015625,22848.80078125,18987.470703125
2024-11-20,1025.0,4884.25,22688.359375,18966.140625
2024-11-21,1010.0,4963.0498046875,22555.66015625,18972.419921875
2024-11-22,1040.0,4955.7998046875,22904.3203125,19003.650390625
2024-11-25,1030.0,4987.919921875,22948.369140625,19054.83984375
2024-11-26,1010.0,4927.56005859375,22678.759765625,19174.30078125
2024-11-27,1000.0,4853.009765625,22334.779296875,19060.48046875
2024-11-28,1005.0,,22298.900390625,
2024-11-29,996.0,4926.56005859375,22262.5,19218.169921875
2024-12-02,1035.0,5055.31982421875,22736.9296875,19403.94921875
2024-12-03,1055.0,5035.85986328125,23027.4609375,19480.91015625
2024-12-04,1070.0,5121.77978515625,23255.330078125,19735.119140625
2024-12-05,1075.0,5026.3701171875,23267.939453125,19700.259765625
2024-12-06,1065.0,5061.2998046875,23193.26953125,19859.76953125
2024-12-09,1075.0,5018.83984375,23273.25,19736.689453125
2024-12-10,1065.0,4894.7001953125,23125.080078125,19687.240234375
2024-12-11,1045.0,5027.7998046875,22903.630859375,20034.890625
2024-12-12,1060.0,4982.18994140625,23046.80078125,19902.83984375
2024-12-13,1065.0,5149.77978515625,23020.48046875,19926.720703125
2024-12-16,1085.0,5256.06005859375,23039.900390625,20173.890625
2024-12-17,1075.0,5169.7900390625,23018.009765625,20109.060546875
2024-12-18,1085.0,4970.97998046875,23168.669921875,19392.689453125
2024-12-19,1070.0,4893.47021484375,22932.25,19372.76953125
2024-12-20,1035.0,4964.91015625,22510.25,19572.599609375
2024-12-23,1080.0,5118.75,23104.5390625,19764.880859375
2024-12-24,1080.0,5173.56005859375,23120.240234375,20031.130859375
2024-12-25,1085.0,,23220.130859375,
2024-12-26,1085.0,5175.31005859375,23246.939453125,20020.359375
2024-12-27,1090.0,5122.97021484375,23275.6796875,19722.029296875
2024-12-30,1090.0,5026.509765625,23190.19921875,19486.7890625
2024-12-31,1075.0,4979.93017578125,23035.099609375,19310.7890625
2025-01-02,1065.0,5021.5,22832.060546875,19280.7890625
2025-01-03,1075.0,5163.64990234375,22908.30078125,19621.6796875
2025-01-06,1125.0,5310.14013671875,23547.7109375,19864.98046875
2025-01-07,1130.0,5212.25,23651.26953125,19489.6796875
2025-01-08,1105.0,5162.35009765625,23407.330078125,19478.880859375
2025-01-09,1100.0,,23081.130859375,
2025-01-10,1100.0,5037.47021484375,23011.859375,19161.630859375
2025-01-13,1075.0,5020.0400390625,22488.330078125,19088.099609375
2025-01-14,1090.0,5045.9501953125,22797.51953125,19044.390625
2025-01-15,1065.0,5153.669921875,22514.5703125,19511.23046875
2025-01-16,1105.0,5162.9599609375,23025.099609375,19338.2890625
2025-01-17,1120.0,5309.740234375,23148.080078125,19630.19921875
2025-01-20,1120.0,,23266.8203125,
2025-01-21,1120.0,5378.5,23300.009765625,19756.779296875
2025-01-22,1135.0,5469.2900390625,23525.41015625,20009.33984375
2025-01-23,,5444.68994140625,,20053.6796875
2025-01-24,,5341.93994140625,,19954.30078125
2025-01-27,,4853.240234375,,19341.830078125
2025-01-28,,4907.02978515625,,19733.58984375
2025-01-29,,4918.10009765625,,19632.3203125
2025-01-30,,5030.52978515625,,19681.75
2025-01-31,,5015.85009765625,,19627.439453125
2025-02-03,1070.0,4924.81005859375,22694.7109375,19391.9609375
2025-02-04,1095.0,4976.58984375,22793.9609375,19654.01953125
2025-02-05,1110.0,5091.5,23161.580078125,19692.330078125
2025-02-06,1115.0,5092.58984375,23316.599609375,19791.990234375
2025-02-07,1125.0,5009.33984375,23478.26953125,19523.400390625
2025-02-10,1105.0,5082.669921875,23252.140625,19714.26953125
2025-02-11,1110.0,5079.97021484375,23384.05078125,19643.859375
2025-02-12,1100.0,5090.7900390625,23289.75,19649.94921875
2025-02-13,1090.0,5156.39013671875,23399.41015625,19945.640625
2025-02-14,1060.0,5160.93994140625,23152.609375,20026.76953125
2025-02-17,1085.0,,23505.330078125,
2025-02-18,1100.0,5247.85986328125,23666.109375,20041.259765625
2025-02-19,1090.0,5309.68994140625,23604.080078125,20056.25
2025-02-20,1080.0,5310.6298828125,23487.4609375,19962.359375
2025-02-21,1095.0,5136.58984375,23730.25,19524.009765625
2025-02-24,1075.0,5003.5400390625,23565.310546875,19286.9296875
2025-02-25,1055.0,4888.8798828125,23285.720703125,19026.390625
2025-02-26,1060.0,4990.81982421875,23402.55078125,19075.259765625
2025-02-27,1040.0,4686.75,23053.1796875,18544.419921875
2025-02-28,,4766.75,,18847.279296875
2025-03-03,1020.0,4575.3701171875,22756.25,18350.189453125
2025-03-04,1000.0,4604.509765625,22596.880859375,18285.16015625
2025-03-05,1020.0,4700.7900390625,22871.900390625,18552.73046875
2025-03-06,1005.0,4487.85009765625,22715.4296875,18069.259765625
2025-03-07,1005.0,4629.58984375,22576.0703125,18196.220703125
2025-03-10,998.0,4405.08984375,22459.150390625,17468.3203125
2025-03-11,971.0,4374.06982421875,22071.08984375,17436.099609375
2025-03-12,988.0,4481.02001953125,22278.359375,17648.44921875
2025-03-13,965.0,4453.240234375,21961.6796875,17303.009765625
2025-03-14,959.0,4598.7900390625,21968.05078125,17754.08984375
2025-03-17,970.0,4663.97021484375,22118.630859375,17808.66015625
2025-03-18,971.0,4589.02978515625,22271.669921875,17504.119140625
2025-03-19,952.0,4634.52978515625,21960.830078125,17750.7890625
2025-03-20,985.0,4601.3701171875,22377.259765625,17691.630859375
2025-03-21,972.0,4557.9501953125,22209.099609375,17784.05078125
2025-03-24,972.0,4694.22021484375,22106.640625,18188.58984375
2025-03-25,990.0,4661.33984375,22273.189453125,18271.859375
2025-03-26,980.0,4508.740234375,22260.2890625,17899.01953125
2025-03-27,958.0,4415.25,21951.759765625,17804.029296875
2025-03-28,952.0,4284.91015625,21602.890625,17322.990234375
2025-03-31,910.0,4270.43017578125,20695.900390625,17299.2890625
2025-04-01,944.0,4282.4599609375,21280.169921875,17449.890625
2025-04-02,942.0,4320.75,21298.220703125,17601.05078125
2025-04-03,,3893.68994140625,,16550.609375
2025-04-04,,3597.659912109375,,15587.7900390625
2025-04-07,848.0,3694.949951171875,19232.349609375,15603.259765625
2025-04-08,816.0,3562.93994140625,18459.94921875,15267.91015625
2025-04-09,785.0,4230.4501953125,17391.759765625,17124.970703125
2025-04-10,863.0,3893.300048828125,19000.029296875,16387.310546875
2025-04-11,889.0,3990.89990234375,19528.76953125,16724.4609375
2025-04-14,865.0,4003.219970703125,19513.08984375,16831.48046875
2025-04-15,877.0,4021.889892578125,19857.669921875,16823.169921875
2025-04-16,855.0,3857.169921875,19468.0,16307.16015625
2025-04-17,847.0,3832.469970703125,19338.73046875,16286.4501953125
2025-04-18,850.0,,19395.029296875,
2025-04-21,835.0,3751.909912109375,19106.19921875,15870.900390625
2025-04-22,816.0,3832.050048828125,18793.4296875,16300.419921875
2025-04-23,873.0,3983.919921875,19639.140625,16708.05078125
2025-04-24,864.0,4208.18994140625,19478.810546875,17166.0390625
2025-04-25,888.0,4251.60986328125,19872.73046875,17382.939453125
2025-04-28,897.0,4235.6201171875,20034.41015625,17366.130859375
2025-04-29,902.0,4196.75,20232.630859375,17461.3203125
2025-04-30,908.0,4230.08984375,20235.029296875,17446.33984375
2025-05-01,,4247.66015625,,17710.740234375
2025-05-02,950.0,4397.0498046875,20787.640625,17977.73046875
2025-05-05,938.0,4356.18017578125,20532.990234375,17844.240234375
2025-05-06,920.0,4311.2001953125,20522.58984375,17689.66015625
2025-05-07,928.0,4386.35986328125,20546.490234375,17738.16015625
2025-05-08,918.0,4430.43994140625,20543.400390625,17928.140625
2025-05-09,949.0,4466.5,20915.0390625,17928.919921875
2025-05-12,957.0,4780.93017578125,21129.5390625,18708.33984375
2025-05-13,969.0,4931.35009765625,21330.140625,19010.08984375
2025-05-14,999.0,4960.72998046875,21782.869140625,19146.810546875
2025-05-15,993.0,4932.4501953125,21730.25,19112.3203125
2025-05-16,998.0,4922.18994140625,21843.689453125,19211.099609375
2025-05-19,984.0,4897.7099609375,21523.830078125,19215.4609375
2025-05-20,978.0,4890.77978515625,21526.029296875,19142.7109375
2025-05-21,990.0,4802.7099609375,21803.91015625,18872.640625
2025-05-22,982.0,4775.47021484375,21670.9609375,18925.740234375
2025-05-23,984.0,4702.3798828125,21652.240234375,18737.2109375
2025-05-26,976.0,,21536.5703125,
2025-05-27,965.0,4861.08984375,21336.5390625,19199.16015625
2025-05-28,967.0,4834.419921875,21357.720703125,19100.939453125
2025-05-29,967.0,4860.47998046875,21347.30078125,19175.869140625
2025-05-30,,4758.06005859375,,19113.76953125
