Date,Adj Close,Close,High,Low,Open,Volume
2022-01-03,30.026140213012695,30.121000289916992,30.711000442504883,29.78499984741211,29.815000534057617,391547000
2022-01-04,29.19776153564453,29.290000915527344,30.468000411987305,28.349000930786133,30.277000427246094,527154000
2022-01-05,27.517074584960938,27.604000091552734,29.416000366210938,27.533000946044922,28.948999404907227,498064000
2022-01-06,28.08926010131836,28.17799949645996,28.437999725341797,27.065000534057617,27.639999389648438,454186000
2022-01-07,27.161191940307617,27.246999740600586,28.422000885009766,27.05699920654297,28.141000747680664,409939000
2022-01-10,27.313711166381836,27.399999618530273,27.4689998626709,25.643999099731445,26.58099937438965,594681000
2022-01-11,27.729394912719727,27.816999435424805,28.065000534057617,26.839000701904297,27.322999954223633,404089000
2022-01-12,27.910831451416016,27.999000549316406,28.594999313354492,27.607999801635742,28.066999435424805,383413000
2022-01-13,26.491313934326172,26.575000762939453,28.479999542236328,26.49799919128418,28.378999710083008,540171000
2022-01-14,26.857154846191406,26.941999435424805,27.19700050354004,26.209999084472656,26.299999237060547,395832000
2022-01-18,25.821426391601562,25.902999877929688,26.63800048828125,25.770000457763672,26.260000228881836,424270000
2022-01-19,24.98805809020996,25.066999435424805,26.542999267578125,25.052000045776367,26.07900047302246,488315000
2022-01-20,24.073945999145508,24.149999618530273,25.57900047302246,24.077999114990234,25.304000854492188,435181000
2022-01-21,23.300390243530273,23.374000549316406,24.822999954223633,23.26300048828125,23.506999969482422,718958000
2022-01-24,23.298398971557617,23.371999740600586,23.3799991607666,20.88800048828125,22.329999923706055,913982000
2022-01-25,22.25369644165039,22.323999404907227,22.94300079345703,22.0,22.54599952697754,664616000
2022-01-26,22.700288772583008,22.77199935913086,24.05699920654297,22.299999237060547,23.239999771118164,755959000
2022-01-27,21.874897003173828,21.944000244140625,23.9950008392334,21.674999237060547,23.56800079345703,573353000
2022-01-28,22.7680721282959,22.84000015258789,22.857999801635742,21.29599952697754,22.011999130249023,543774000
2022-01-31,24.408891677856445,24.486000061035156,24.509000778198242,23.052000045776367,23.18199920654297,564680000
2022-02-01,24.560407638549805,24.63800048828125,25.145000457763672,23.889999389648438,25.104000091552734,518925000
2022-02-02,25.162508010864258,25.242000579833984,25.816999435424805,24.55299949645996,25.79400062561035,543419000
2022-02-03,23.872587203979492,23.947999954223633,25.07699966430664,23.780000686645508,24.45800018310547,410178000
2022-02-04,24.242416381835938,24.319000244140625,24.635000228881836,23.631999969482422,23.972000122070312,354829000
2022-02-07,24.65012550354004,24.72800064086914,25.18199920654297,24.20199966430664,24.371999740600586,376868000
2022-02-08,25.028932571411133,25.107999801635742,25.229999542236328,23.979999542236328,24.358999252319336,410359000
2022-02-09,26.620901107788086,26.704999923706055,26.725000381469727,25.35300064086914,25.621999740600586,524282000
2022-02-10,25.74267578125,25.823999404907227,26.924999237060547,25.600000381469727,25.9950008392334,513200000
2022-02-11,23.873579025268555,23.948999404907227,26.152000427246094,23.773000717163086,25.916000366210938,605472000
2022-02-14,24.190576553344727,24.267000198364258,24.875,23.7549991607666,23.93400001525879,440424000
2022-02-15,26.41156005859375,26.4950008392334,26.545000076293945,24.784000396728516,24.948999404907227,699869000
2022-02-16,26.42751121520996,26.51099967956543,26.582000732421875,25.552000045776367,26.259000778198242,732676000
2022-02-17,24.42982292175293,24.506999969482422,25.78499984741211,24.165000915527344,25.6299991607666,810595000
2022-02-18,23.567546844482422,23.642000198364258,24.986000061035156,23.100000381469727,24.667999267578125,761255000
2022-02-22,23.31633758544922,23.389999389648438,24.06399917602539,23.0,23.03499984741211,633422000
2022-02-23,22.316497802734375,22.386999130249023,24.155000686645508,22.301000595092773,23.802000045776367,566511000
2022-02-24,23.673208236694336,23.74799919128418,23.799999237060547,20.889999389648438,21.014999389648438,735801000
2022-02-25,24.080923080444336,24.156999588012695,24.216999053955078,23.381000518798828,23.72100067138672,528866000
2022-02-28,24.30820655822754,24.385000228881836,24.665000915527344,23.707000732421875,23.992000579833984,477319000
2022-03-01,23.403064727783203,23.476999282836914,24.37700080871582,23.131999969482422,24.291000366210938,412056000
2022-03-02,24.147836685180664,24.219999313354492,24.409000396728516,23.415000915527344,23.756000518798828,389642000
2022-03-03,23.64335060119629,23.714000701904297,24.326000213623047,23.4689998626709,24.261999130249023,365095000
2022-03-04,22.867664337158203,22.93600082397461,23.68000030517578,22.48200035095215,23.384000778198242,431415000
2022-03-07,21.28838539123535,21.351999282836914,23.033000946044922,21.329999923706055,22.816999435424805,450821000
2022-03-08,21.449905395507812,21.513999938964844,22.37299919128418,20.649999618530273,21.30900001525879,557467000
2022-03-09,22.945432662963867,23.013999938964844,23.219999313354492,22.246999740600586,22.386999130249023,492742000
2022-03-10,22.59049415588379,22.658000946044922,22.788000106811523,21.881999969482422,22.5310001373291,428066000
2022-03-11,22.034149169921875,22.100000381469727,23.145000457763672,22.04599952697754,23.02199935913086,367209000
2022-03-14,21.266447067260742,21.329999923706055,22.261999130249023,21.159000396728516,21.868999481201172,385354000
2022-03-15,22.904556274414062,22.972999572753906,23.038000106811523,21.32200050354004,21.51799964904785,491996000
2022-03-16,24.423017501831055,24.496000289916992,24.597000122070312,23.172000885009766,23.5,671422000
2022-03-17,24.692214965820312,24.766000747680664,24.841999053955078,23.9060001373291,24.1200008392334,471941000
2022-03-18,26.374183654785156,26.452999114990234,26.569000244140625,24.624000549316406,24.798999786376953,730719000
2022-03-21,26.654348373413086,26.733999252319336,27.152000427246094,25.966999053955078,26.506999969482422,591727000
2022-03-22,26.44497299194336,26.52400016784668,27.238000869750977,26.07200050354004,26.726999282836914,547007000
2022-03-23,25.55763053894043,25.634000778198242,26.61199951171875,25.575000762939453,26.125999450683594,502120000
2022-03-24,28.06612777709961,28.149999618530273,28.31999969482422,25.906999588012695,26.166000366210938,877379000
2022-03-25,27.609493255615234,27.691999435424805,28.357999801635742,27.270999908447266,27.88599967956543,579016000
2022-03-28,28.134925842285156,28.2189998626709,28.25,27.20599937438965,27.756000518798828,425494000
2022-03-29,28.57062530517578,28.6560001373291,28.945999145507812,27.979999542236328,28.69499969482422,488984000
2022-03-30,27.607500076293945,27.690000534057617,28.496000289916992,27.503000259399414,28.304000854492188,463487000
2022-03-31,27.204708099365234,27.285999298095703,28.24799919128418,27.270000457763672,27.781999588012695,523440000
2022-04-01,26.632415771484375,26.711999893188477,27.496000289916992,26.267000198364258,27.375,517235000
2022-04-04,27.278486251831055,27.360000610351562,27.558000564575195,26.613000869750977,26.72800064086914,397120000
2022-04-05,25.853740692138672,25.930999755859375,27.319000244140625,25.81999969482422,27.253999710083008,436615000
2022-04-06,24.334278106689453,24.406999588012695,25.299999237060547,24.003000259399414,24.93400001525879,703833000
2022-04-07,24.135875701904297,24.20800018310547,24.722000122070312,23.47800064086914,24.44099998474121,557992000
2022-04-08,23.050119400024414,23.118999481201172,23.92300033569336,23.062000274658203,23.91699981689453,524781000
2022-04-11,21.851701736450195,21.91699981689453,22.31999969482422,21.65999984741211,22.214000701904297,575207000
2022-04-12,21.43993377685547,21.503999710083008,22.725000381469727,21.281999588012695,22.53700065612793,662258000
2022-04-13,22.136850357055664,22.202999114990234,22.5,21.454999923706055,21.72800064086914,516943000
2022-04-14,21.19466781616211,21.257999420166016,22.777000427246094,21.163000106811523,22.5049991607666,569097000
2022-04-18,21.718103408813477,21.783000946044922,22.08799934387207,21.07900047302246,21.200000762939453,525701000
2022-04-19,22.13186264038086,22.197999954223633,22.37299919128418,21.31399917602539,21.719999313354492,512781000
2022-04-20,21.417997360229492,21.48200035095215,22.670000076293945,21.200000762939453,22.517000198364258,468974000
2022-04-21,20.12286949157715,20.183000564575195,22.392000198364258,20.0,21.708999633789062,656209000
2022-04-22,19.45685577392578,19.514999389648438,20.486000061035156,19.5,20.30299949645996,624713000
2022-04-25,19.842702865600586,19.902000427246094,19.94499969482422,19.09600067138672,19.20199966430664,641566000
2022-04-26,18.732027053833008,18.788000106811523,19.788000106811523,18.670000076293945,19.718000411987305,653143000
2022-04-27,18.360137939453125,18.415000915527344,19.16699981689453,18.290000915527344,18.597999572753906,499460000
2022-04-28,19.723060607910156,19.781999588012695,20.03700065612793,18.489999771118164,18.966999053955078,570327000
2022-04-29,18.491743087768555,18.547000885009766,20.128000259399414,18.517000198364258,19.402000427246094,500435000
2022-05-02,19.474809646606445,19.533000946044922,19.573999404907227,18.391000747680664,18.541000366210938,572049000
2022-05-03,19.543598175048828,19.601999282836914,19.825000762939453,19.132999420166016,19.399999618530273,475751000
2022-05-04,20.273418426513672,20.333999633789062,20.399999618530273,18.750999450683594,19.92300033569336,648855000
2022-05-05,18.787857055664062,18.8439998626709,19.924999237060547,18.5,19.867000579833984,626331000
2022-05-06,18.619361877441406,18.674999237060547,19.511999130249023,17.989999771118164,18.736000061035156,633297000
2022-05-09,16.899499893188477,16.950000762939453,18.2549991607666,16.82699966430664,18.034000396728516,644455000
2022-05-10,17.542577743530273,17.594999313354492,18.197999954223633,17.024999618530273,17.68899917602539,761474000
2022-05-11,16.58045196533203,16.6299991607666,17.753000259399414,16.56800079345703,17.347000122070312,670167000
2022-05-12,16.126808166503906,16.174999237060547,16.788000106811523,15.567000389099121,16.2189998626709,708728000
2022-05-13,17.653249740600586,17.70599937438965,17.92799949645996,16.593000411987305,16.788000106811523,670437000
2022-05-16,17.21256446838379,17.263999938964844,17.788000106811523,17.106000900268555,17.509000778198242,521446000
2022-05-17,18.122844696044922,18.177000045776367,18.371000289916992,17.634000778198242,18.073999404907227,585830000
2022-05-18,16.88753318786621,16.937999725341797,18.118000030517578,16.86400032043457,17.704999923706055,545161000
2022-05-19,17.07298469543457,17.124000549316406,17.687000274658203,16.733999252319336,16.937000274658203,621310000
2022-05-20,16.644258499145508,16.694000244140625,17.40999984741211,15.755000114440918,17.332000732421875,739105000
2022-05-23,16.847658157348633,16.898000717163086,16.915000915527344,16.179000854492188,16.27400016784668,639889000
2022-05-24,16.10586929321289,16.15399932861328,16.597000122070312,15.779999732971191,16.510000228881836,588550000
2022-05-25,16.92442512512207,16.975000381469727,17.111000061035156,16.0,16.020000457763672,781132000
2022-05-26,17.79781723022461,17.85099983215332,18.091999053955078,16.02199935913086,16.035999298095703,996575000
2022-05-27,18.754959106445312,18.81100082397461,18.881000518798828,18.100000381469727,18.18600082397461,738379000
2022-05-31,18.616369247436523,18.672000885009766,19.200000762939453,18.350000381469727,18.979999542236328,664100000
2022-06-01,18.26541519165039,18.31999969482422,19.05299949645996,18.121999740600586,18.724000930786133,544514000
2022-06-02,19.53362464904785,19.591999053955078,19.618999481201172,18.197999954223633,18.29199981689453,648656000
2022-06-03,18.664226531982422,18.719999313354492,19.332000732421875,18.52199935913086,19.082000732421875,598779000
2022-06-06,18.73003387451172,18.785999298095703,19.336999893188477,18.56399917602539,19.138999938964844,422406000
2022-06-07,18.86961555480957,18.926000595092773,19.0,18.187999725341797,18.472000122070312,388914000
2022-06-08,18.59637451171875,18.648000717163086,19.18000030517578,18.53499984741211,18.798999786376953,363252000
2022-06-09,17.99803352355957,18.04800033569336,18.933000564575195,18.041000366210938,18.481000900268555,395574000
2022-06-10,16.927003860473633,16.974000930786133,17.69700050354004,16.868999481201172,17.600000381469727,465248000
2022-06-13,15.603680610656738,15.647000312805176,16.312000274658203,15.605999946594238,16.0,604153000
2022-06-14,15.792156219482422,15.836000442504883,16.06599998474121,15.411999702453613,15.730999946594238,469680000
2022-06-15,16.481243133544922,16.527000427246094,16.868000030517578,15.925999641418457,16.094999313354492,563936000
2022-06-16,15.557806968688965,15.60099983215332,15.942000389099121,15.401000022888184,15.859999656677246,545749000
2022-06-17,15.836036682128906,15.880000114440918,15.994999885559082,15.32800006866455,15.64799976348877,630334000
2022-06-21,16.520132064819336,16.56599998474121,17.007999420166016,16.406999588012695,16.475000381469727,483089000
2022-06-22,16.3147029876709,16.360000610351562,16.66200065612793,16.18000030517578,16.22599983215332,437135000
2022-06-23,16.18008041381836,16.225000381469727,16.584999084472656,15.852999687194824,16.518999099731445,463680000
2022-06-24,17.078584671020508,17.125999450683594,17.139999389648438,16.309999465942383,16.5,472153000
2022-06-27,16.822294235229492,16.868999481201172,17.329999923706055,16.625999450683594,17.312000274658203,427968000
2022-06-28,15.937750816345215,15.982000350952148,17.20199966430664,15.944999694824219,16.899999618530273,461149000
2022-06-29,15.498970031738281,15.541999816894531,15.819999694824219,15.170000076293945,15.814000129699707,482352000
2022-06-30,15.117032051086426,15.159000396728516,15.567000389099121,14.862000465393066,15.361000061035156,686070000
2022-07-01,14.482794761657715,14.52299976348877,15.062999725341797,14.392000198364258,14.89900016784668,577610000
2022-07-05,14.922571182250977,14.96399974822998,14.970999717712402,14.055000305175781,14.175000190734863,651397000
2022-07-06,15.08811092376709,15.130000114440918,15.319000244140625,14.788999557495117,15.010000228881836,529066000
2022-07-07,15.814094543457031,15.857999801635742,15.944999694824219,15.388999938964844,15.456000328063965,492903000
2022-07-08,15.794153213500977,15.838000297546387,16.03700065612793,15.388999938964844,15.430000305175781,467972000
2022-07-11,15.110051155090332,15.152000427246094,15.527000427246094,15.038000106811523,15.526000022888184,437321000
2022-07-12,15.040245056152344,15.081999778747559,15.430999755859375,14.876999855041504,15.267999649047852,458483000
2022-07-13,15.122017860412598,15.163999557495117,15.375,14.46500015258789,14.59000015258789,521918000
2022-07-14,15.329442024230957,15.371999740600586,15.472999572753906,14.727999687194824,15.107999801635742,456235000
2022-07-15,15.718361854553223,15.76200008392334,15.781999588012695,15.444999694824219,15.659000396728516,385935000
2022-07-18,16.056425094604492,16.10099983215332,16.89699935913086,16.00200080871582,16.302000045776367,670517000
2022-07-19,16.944955825805664,16.992000579833984,17.110000610351562,16.172000885009766,16.486000061035156,702366000
2022-07-20,17.757699966430664,17.80699920654297,17.933000564575195,16.801000595092773,16.94700050354004,760538000
2022-07-21,18.000024795532227,18.049999237060547,18.143999099731445,17.545000076293945,17.885000228881836,557049000
2022-07-22,17.27104949951172,17.319000244140625,17.966999053955078,17.136999130249023,17.89299964904785,536671000
2022-07-25,16.97686767578125,17.02400016784668,17.124000549316406,16.64900016784668,17.018999099731445,480748000
2022-07-26,16.48722267150879,16.533000946044922,16.91900062561035,16.47800064086914,16.888999938964844,397865000
2022-07-27,17.740747451782227,17.790000915527344,17.93600082397461,16.913000106811523,17.031999588012695,569776000
2022-07-28,17.934206008911133,17.983999252319336,18.139999389648438,17.440000534057617,17.975000381469727,474646000
2022-07-29,18.112714767456055,18.163000106811523,18.243999481201172,17.691999435424805,17.812999725341797,435460000
2022-08-01,18.38994598388672,18.44099998474121,18.84600067138672,17.989999771118164,18.18199920654297,476469000
2022-08-02,18.474706649780273,18.525999069213867,18.937999725341797,18.091999053955078,18.121999740600586,489527000
2022-08-03,18.84069061279297,18.89299964904785,18.968000411987305,18.136999130249023,18.18400001525879,418146000
2022-08-04,19.161800384521484,19.21500015258789,19.27400016784668,18.760000228881836,18.849000930786133,409652000
2022-08-05,18.936429977416992,18.98900032043457,19.229000091552734,18.666000366210938,18.809999465942383,386068000
2022-08-08,17.743736267089844,17.792999267578125,18.23900032043457,17.242000579833984,17.50200080871582,981859000
2022-08-09,17.038694381713867,17.086000442504883,17.44700050354004,16.724000930786133,17.25200080871582,668263000
2022-08-10,18.04689598083496,18.097000122070312,18.118000030517578,17.316999435424805,17.697999954223633,597422000
2022-08-11,17.892324447631836,17.941999435424805,18.707000732421875,17.875999450683594,18.131000518798828,509327000
2022-08-12,18.657201766967773,18.708999633789062,18.718000411987305,17.952999114990234,18.15999984741211,478094000
2022-08-15,18.97930908203125,19.031999588012695,19.163999557495117,18.613000869750977,18.701000213623047,457666000
2022-08-16,18.826732635498047,18.878999710083008,19.142000198364258,18.500999450683594,18.920000076293945,451240000
2022-08-17,18.28423500061035,18.334999084472656,18.687999725341797,18.145000457763672,18.523000717163086,446799000
2022-08-18,18.721025466918945,18.773000717163086,18.864999771118164,18.183000564575195,18.301000595092773,415447000
2022-08-19,17.799583435058594,17.849000930786133,18.520000457763672,17.770000457763672,18.4060001373291,441588000
2022-08-22,16.986841201782227,17.034000396728516,17.558000564575195,16.965999603271484,17.489999771118164,409593000
2022-08-23,17.133434295654297,17.180999755859375,17.46500015258789,16.969999313354492,16.98900032043457,369986000
2022-08-24,17.174320220947266,17.222000122070312,17.4060001373291,16.895000457763672,17.011999130249023,522661000
2022-08-25,17.863405227661133,17.913000106811523,17.94700050354004,16.83300018310547,16.8439998626709,770691000
2022-08-26,16.214984893798828,16.260000228881836,17.923999786376953,16.23699951171875,17.85700035095215,769127000
2022-08-29,15.757251739501953,15.800999641418457,16.33799934387207,15.767000198364258,16.020000457763672,496132000
2022-08-30,15.425177574157715,15.468000411987305,16.038999557495117,15.182000160217285,15.960000038146973,530181000
2022-08-31,15.052210807800293,15.093999862670898,15.539999961853027,14.958999633789062,15.383999824523926,573710000
2022-09-01,13.898414611816406,13.937000274658203,14.380000114440918,13.270000457763672,14.208999633789062,1178865000
2022-09-02,13.609216690063477,13.647000312805176,14.170999526977539,13.590999603271484,14.100000381469727,743157000
2022-09-06,13.427721977233887,13.46500015258789,13.779000282287598,13.35099983215332,13.730999946594238,535751000
2022-09-07,13.680094718933105,13.71399974822998,13.838000297546387,13.345999717712402,13.562999725341797,512657000
2022-09-08,13.955411911010742,13.989999771118164,14.008000373840332,13.369000434875488,13.458999633789062,624873000
2022-09-09,14.351430892944336,14.38700008392334,14.473999977111816,14.12600040435791,14.156999588012695,486612000
2022-09-12,14.46914005279541,14.505000114440918,14.54699993133545,14.197999954223633,14.369000434875488,484159000
2022-09-13,13.09853744506836,13.130999565124512,13.92199993133545,13.098999977111816,13.802000045776367,714956000
2022-09-14,13.095544815063477,13.128000259399414,13.289999961853027,12.913000106811523,13.253999710083008,588507000
2022-09-15,12.8970365524292,12.928999900817871,13.232999801635742,12.789999961853027,13.015000343322754,523625000
2022-09-16,13.165371894836426,13.197999954223633,13.211999893188477,12.616999626159668,12.741999626159668,670751000
2022-09-19,13.348917007446289,13.381999969482422,13.463000297546387,13.010000228881836,13.01200008392334,569685000
2022-09-20,13.143425941467285,13.175999641418457,13.482999801635742,13.057000160217285,13.21500015258789,524818000
2022-09-21,13.2282133102417,13.26099967956543,14.031000137329102,13.109999656677246,13.213000297546387,807679000
2022-09-22,12.52994441986084,12.560999870300293,13.14900016784668,12.428000450134277,13.069999694824219,759162000
2022-09-23,12.48505687713623,12.515999794006348,12.611000061035156,12.256999969482422,12.420000076293945,663309000
2022-09-26,12.197769165039062,12.227999687194824,12.659000396728516,12.21399974822998,12.491000175476074,547343000
2022-09-27,12.382311820983887,12.413000106811523,12.736000061035156,12.258000373840332,12.506999969482422,553854000
2022-09-28,12.704513549804688,12.736000061035156,12.822999954223633,12.354000091552734,12.40999984741211,542414000
2022-09-29,12.189790725708008,12.220000267028809,12.5,11.946000099182129,12.447999954223633,532763000
2022-09-30,12.108990669250488,12.138999938964844,12.633000373840332,12.074999809265137,12.086999893188477,565638000
2022-10-03,12.48106861114502,12.51200008392334,12.678000450134277,12.104999542236328,12.347000122070312,547478000
2022-10-04,13.13444709777832,13.166999816894531,13.220000267028809,12.878999710083008,12.878999710083008,584182000
2022-10-05,13.176342964172363,13.208999633789062,13.321000099182129,12.621000289916992,12.91100025177002,507131000
2022-10-06,13.097539901733398,13.130000114440918,13.656000137329102,13.102999687194824,13.220000267028809,644157000
2022-10-07,12.046144485473633,12.076000213623047,12.670000076293945,12.022000312805176,12.505000114440918,672478000
2022-10-10,11.64114761352539,11.670000076293945,12.12399959564209,11.407999992370605,12.036999702453613,698699000
2022-10-11,11.557355880737305,11.586000442504883,11.845999717712402,11.282999992370605,11.560999870300293,667482000
2022-10-12,11.471569061279297,11.5,11.734999656677246,11.345000267028809,11.579000473022461,492590000
2022-10-13,11.930431365966797,11.960000038146973,12.07800006866455,10.812999725341797,10.970999717712402,850103000
2022-10-14,11.199244499206543,11.22700023651123,12.111000061035156,11.204000473022461,12.057000160217285,713432000
2022-10-17,11.85860824584961,11.887999534606934,11.947999954223633,11.517000198364258,11.517999649047852,580774000
2022-10-18,11.93741512298584,11.967000007629395,12.491999626159668,11.618000030517578,12.343999862670898,659362000
2022-10-19,12.021207809448242,12.050999641418457,12.350000381469727,11.833999633789062,11.878999710083008,523131000
2022-10-20,12.163853645324707,12.194000244140625,12.769000053405762,12.104999542236328,12.11299991607666,652398000
2022-10-21,12.4351806640625,12.465999603271484,12.498000144958496,11.88700008392334,12.097999572753906,609494000
2022-10-24,12.567851066589355,12.598999977111816,12.710000038146973,12.064000129699707,12.508000373840332,517457000
2022-10-25,13.2282133102417,13.26099967956543,13.300000190734863,12.663999557495117,12.694000244140625,505482000
2022-10-26,12.864119529724121,12.895999908447266,13.387999534606934,12.708000183105469,12.869000434875488,532953000
2022-10-27,13.143425941467285,13.175999641418457,13.838000297546387,13.121999740600586,13.630000114440918,583113000
2022-10-28,13.799798965454102,13.833999633789062,13.850000381469727,13.060999870300293,13.104000091552734,521040000
2022-10-31,13.463630676269531,13.496999740600586,13.838000297546387,13.29699993133545,13.777999877929688,486341000
2022-11-01,13.509519577026367,13.543000221252441,13.925000190734863,13.519000053405762,13.810999870300293,432817000
2022-11-02,13.186319351196289,13.218999862670898,14.210000038146973,13.211000442504883,13.850000381469727,672628000
2022-11-03,13.38782024383545,13.420999526977539,13.781000137329102,12.956000328063965,13.043000221252441,500065000
2022-11-04,14.121002197265625,14.156000137329102,14.229000091552734,13.696999549865723,13.986000061035156,612576000
2022-11-07,14.265645980834961,14.300999641418457,14.411999702453613,13.954000473022461,14.227999687194824,410061000
2022-11-08,14.565900802612305,14.60200023651123,14.890999794006348,14.215999603271484,14.800999641418457,595292000
2022-11-09,13.74194049835205,13.776000022888184,14.211000442504883,13.758999824523926,14.161999702453613,454414000
2022-11-10,15.711061477661133,15.75,15.77299976348877,14.54699993133545,14.800000190734863,700819000
2022-11-11,16.286632537841797,16.32699966430664,16.388999938964844,15.482000350952148,15.807000160217285,655487000
2022-11-14,16.254716873168945,16.295000076293945,16.540000915527344,15.92199993133545,16.218000411987305,527852000
2022-11-15,16.62479591369629,16.666000366210938,16.99799919128418,16.381999969482422,16.722000122070312,545876000
2022-11-16,15.87066650390625,15.90999984741211,16.36199951171875,15.873000144958496,16.16200065612793,649547000
2022-11-17,15.6382417678833,15.677000045776367,16.266000747680664,15.53499984741211,15.71500015258789,710894000
2022-11-18,15.370904922485352,15.409000396728516,16.00200080871582,15.119999885559082,15.965999603271484,492072000
2022-11-21,15.279131889343262,15.317000389099121,15.47700023651123,15.079999923706055,15.147000312805176,404739000
2022-11-22,15.99835205078125,16.038000106811523,16.058000564575195,15.121999740600586,15.32800006866455,472866000
2022-11-23,16.478158950805664,16.518999099731445,16.527000427246094,16.04800033569336,16.097999572753906,427241000
2022-11-25,16.229774475097656,16.270000457763672,16.48699951171875,16.172000885009766,16.31800079345703,167934000
2022-11-28,15.787873268127441,15.82699966430664,16.35700035095215,15.725000381469727,16.025999069213867,303741000
2022-11-29,15.600336074829102,15.638999938964844,15.932000160217285,15.520000457763672,15.82699966430664,298384000
2022-11-30,16.885480880737305,16.92300033569336,16.93000030517578,15.597000122070312,15.696999549865723,565298000
2022-12-01,17.097013473510742,17.135000228881836,17.264999389648438,16.635000228881836,16.999000549316406,470977000
2022-12-02,16.83858871459961,16.875999450683594,16.933000564575195,16.44499969482422,16.659000396728516,371389000
2022-12-05,16.57317352294922,16.610000610351562,16.9950008392334,16.472000122070312,16.679000854492188,352255000
2022-12-06,15.951556205749512,15.987000465393066,16.572999954223633,15.819000244140625,16.530000686645508,352694000
2022-12-07,16.084260940551758,16.1200008392334,16.18600082397461,15.666999816894531,15.772000312805176,372388000
2022-12-08,17.130935668945312,17.16900062561035,17.179000854492188,15.958999633789062,16.273000717163086,515456000
2022-12-09,16.963308334350586,17.000999450683594,17.58300018310547,16.975000381469727,17.15999984741211,465338000
2022-12-12,17.496122360229492,17.53499984741211,17.538000106811523,16.797000885009766,17.03700065612793,457328000
2022-12-13,18.031930923461914,18.07200050354004,18.790000915527344,17.711000442504883,18.5310001373291,656589000
2022-12-14,17.634815216064453,17.673999786376953,18.25200080871582,17.420000076293945,17.98699951171875,496888000
2022-12-15,16.91441535949707,16.95199966430664,17.31999969482422,16.700000762939453,17.145999908447266,478542000
2022-12-16,16.534259796142578,16.570999145507812,17.041000366210938,16.40999984741211,16.86400032043457,478232000
2022-12-19,16.21796417236328,16.253999710083008,16.608999252319336,16.145000457763672,16.57200050354004,354039000
2022-12-20,16.04933738708496,16.084999084472656,16.309999465942383,15.85200023651123,16.06399917602539,403260000
2022-12-21,16.464418411254883,16.500999450683594,16.62700080871582,16.101999282836914,16.11400032043457,325025000
2022-12-22,15.304993629455566,15.33899974822998,16.13800048828125,14.881999969482422,16.0939998626709,565045000
2022-12-23,15.172286033630371,15.206000328063965,15.33899974822998,14.883000373840332,15.196000099182129,349326000
2022-12-27,14.08969497680664,14.121000289916992,15.100000381469727,14.055999755859375,15.074000358581543,464902000
2022-12-28,14.0048828125,14.03600025177002,14.26200008392334,13.883999824523926,13.927000045776367,351066000
2022-12-29,14.570623397827148,14.602999687194824,14.682999610900879,14.22700023651123,14.402000427246094,354923000
2022-12-30,14.581599235534668,14.61400032043457,14.628999710083008,14.232999801635742,14.333999633789062,310490000
2023-01-03,14.283265113830566,14.3149995803833,14.996000289916992,14.095999717712402,14.85099983215332,401277000
2023-01-04,14.716300010681152,14.74899959564209,14.852999687194824,14.241000175476074,14.567000389099121,431324000
2023-01-05,14.233372688293457,14.265000343322754,14.564000129699707,14.14799976348877,14.491000175476074,389168000
2023-01-06,14.826056480407715,14.859000205993652,15.010000228881836,14.034000396728516,14.473999977111816,405044000
2023-01-09,15.593351364135742,15.628000259399414,16.055999755859375,15.140999794006348,15.284000396728516,504231000
2023-01-10,15.873729705810547,15.909000396728516,15.961999893188477,15.472000122070312,15.506999969482422,384101000
2023-01-11,15.96552562713623,16.000999450683594,16.027999877929688,15.562999725341797,15.84000015258789,353285000
2023-01-12,16.474393844604492,16.51099967956543,16.636999130249023,15.491999626159668,16.100000381469727,551409000
2023-01-13,16.86153793334961,16.89900016784668,16.922000885009766,16.165000915527344,16.277999877929688,447287000
2023-01-17,17.662755966186523,17.70199966430664,17.72800064086914,16.89900016784668,16.89900016784668,511102000
2023-01-18,17.338470458984375,17.37700080871582,17.87299919128418,17.281999588012695,17.66699981689453,439624000
2023-01-19,16.72783088684082,16.764999389648438,17.19700050354004,16.731000900268555,17.035999298095703,452932000
2023-01-20,17.79945182800293,17.839000701904297,17.856000900268555,16.825000762939453,17.01099967956543,564967000
2023-01-23,19.150449752807617,19.19300079345703,19.2450008392334,17.81800079345703,18.06399917602539,655163000
2023-01-24,19.222288131713867,19.264999389648438,19.4950008392334,18.81999969482422,18.82699966430664,496204000
2023-01-25,19.280162811279297,19.322999954223633,19.3700008392334,18.579999923706055,18.913000106811523,449537000
2023-01-26,19.758100509643555,19.802000045776367,20.166000366210938,19.277999877929688,19.701000213623047,489535000
2023-01-27,20.31985092163086,20.364999771118164,20.628000259399414,19.405000686645508,19.461999893188477,542142000
2023-01-30,19.1195125579834,19.16200065612793,20.139999389648438,19.149999618530273,19.950000762939453,488611000
2023-01-31,19.493684768676758,19.53700065612793,19.687000274658203,18.950000762939453,19.170000076293945,498017000
2023-02-01,20.896570205688477,20.94300079345703,21.191999435424805,19.611000061035156,19.69099998474121,660477000
2023-02-02,21.660865783691406,21.708999633789062,21.948999404907227,20.700000762939453,21.0,564276000
2023-02-03,21.053218841552734,21.100000381469727,21.7450008392334,20.788999557495117,21.0,429366000
2023-02-06,21.042247772216797,21.089000701904297,21.56999969482422,20.785999298095703,20.805999755859375,452197000
2023-02-07,22.123844146728516,22.17300033569336,22.259000778198242,21.149999618530273,21.381999969482422,664150000
2023-02-08,22.155771255493164,22.204999923706055,22.878000259399414,22.007999420166016,22.386999130249023,559651000
2023-02-09,22.287477493286133,22.336999893188477,23.020000457763672,22.1200008392334,22.606000900268555,523876000
2023-02-10,21.217853546142578,21.264999389648438,22.077999114990234,20.81100082397461,21.690000534057617,550737000
2023-02-13,21.739696502685547,21.788000106811523,22.04800033569336,20.961999893188477,21.538000106811523,474919000
2023-02-14,22.920074462890625,22.97100067138672,23.048999786376953,21.365999221801758,21.577999114990234,675474000
2023-02-15,22.713529586791992,22.763999938964844,22.854999542236328,22.106000900268555,22.548999786376953,420575000
2023-02-16,21.953224182128906,22.00200080871582,22.549999237060547,21.927000045776367,22.132999420166016,412026000
2023-02-17,21.3405818939209,21.38800048828125,21.739999771118164,20.975000381469727,21.631000518798828,465888000
2023-02-21,20.609209060668945,20.655000686645508,21.493999481201172,20.618000030517578,21.0,410015000
2023-02-22,20.70798683166504,20.753999710083008,21.104000091552734,20.42099952697754,20.707000732421875,513184000
2023-02-23,23.611536026000977,23.663999557495117,23.88800048828125,23.024999618530273,23.440000534057617,1117995000
2023-02-24,23.234373092651367,23.285999298095703,23.474000930786133,22.94700050354004,23.225000381469727,589716000
2023-02-27,23.448896408081055,23.500999450683594,23.8799991607666,23.45400047302246,23.670000076293945,452994000
2023-02-28,23.164527893066406,23.215999603271484,23.825000762939453,23.20599937438965,23.371999740600586,455963000
2023-03-01,22.647680282592773,22.697999954223633,23.256000518798828,22.507999420166016,23.191999435424805,460026000
2023-03-02,23.262311935424805,23.31399917602539,23.3799991607666,22.43199920654297,22.488000869750977,389415000
2023-03-03,23.837032318115234,23.889999389648438,23.899999618530273,23.1299991607666,23.31999969482422,412393000
2023-03-06,23.501781463623047,23.554000854492188,24.24799919128418,23.48699951171875,23.891000747680664,437429000
2023-03-07,23.24031639099121,23.288000106811523,24.125,23.240999221801758,23.600000381469727,515154000
2023-03-08,24.131488800048828,24.180999755859375,24.200000762939453,23.423999786376953,23.48699951171875,513573000
2023-03-09,23.388015747070312,23.43600082397461,24.45400047302246,23.382999420166016,24.174999237060547,501257000
2023-03-10,22.91797637939453,22.96500015258789,23.62700080871582,22.72599983215332,23.409000396728516,474866000
2023-03-13,22.918973922729492,22.965999603271484,23.29800033569336,22.297000885009766,22.75200080871582,421890000
2023-03-14,24.013731002807617,24.062999725341797,24.2189998626709,23.459999084472656,23.496000289916992,474910000
2023-03-15,24.178394317626953,24.22800064086914,24.285999298095703,23.360000610351562,23.76099967956543,524486000
2023-03-16,25.488704681396484,25.541000366210938,25.58799934387207,23.893999099731445,24.027000427246094,583253000
2023-03-17,25.67232322692871,25.725000381469727,26.39900016784668,25.667999267578125,25.98200035095215,848547000
2023-03-20,25.846969604492188,25.899999618530273,26.02400016784668,25.1299991607666,25.614999771118164,432747000
2023-03-21,26.145357131958008,26.198999404907227,26.392000198364258,25.381000518798828,26.18000030517578,547408000
2023-03-22,26.413803100585938,26.468000411987305,27.589000701904297,26.23699951171875,26.424999237060547,797295000
2023-03-23,27.135324478149414,27.19099998474121,27.499000549316406,26.690000534057617,27.114999771118164,564889000
2023-03-24,26.724166870117188,26.77899932861328,27.16699981689453,26.354999542236328,27.0310001373291,454920000
2023-03-27,26.476675033569336,26.5310001373291,27.0,26.364999771118164,26.836999893188477,361026000
2023-03-28,26.35592269897461,26.40999984741211,26.51300048828125,25.850000381469727,26.44700050354004,356104000
2023-03-29,26.928747177124023,26.983999252319336,27.077999114990234,26.597000122070312,26.825000762939453,393694000
2023-03-30,27.32693099975586,27.382999420166016,27.499000549316406,27.101999282836914,27.229000091552734,364516000
2023-03-31,27.72012710571289,27.777000427246094,27.833999633789062,27.104999542236328,27.139999389648438,433933000
2023-04-03,27.90774154663086,27.96500015258789,28.0,27.336000442504883,27.509000778198242,398716000
2023-04-04,27.39678955078125,27.452999114990234,28.0,27.30699920654297,27.965999603271484,368592000
2023-04-05,26.82596206665039,26.881000518798828,26.99799919128418,26.395000457763672,26.82900047302246,515015000
2023-04-06,26.98164176940918,27.03700065612793,27.079999923706055,26.427000045776367,26.583999633789062,397654000
2023-04-10,27.522531509399414,27.57900047302246,27.621000289916992,26.66900062561035,26.822999954223633,395279000
2023-04-11,27.11336898803711,27.16900062561035,27.790000915527344,27.125999450683594,27.724000930786133,314378000
2023-04-12,26.44074821472168,26.4950008392334,27.468000411987305,26.447999954223633,27.3700008392334,446259000
2023-04-13,26.408815383911133,26.46299934387207,26.886999130249023,26.32900047302246,26.733999252319336,353615000
2023-04-14,26.70321273803711,26.757999420166016,26.882999420166016,26.219999313354492,26.503999710083008,395660000
2023-04-17,26.94671058654785,27.00200080871582,27.006000518798828,26.433000564575195,26.565000534057617,321471000
2023-04-18,27.610349655151367,27.66699981689453,28.110000610351562,27.35700035095215,27.533000946044922,604812000
2023-04-19,27.873809814453125,27.930999755859375,28.0,27.23200035095215,27.361000061035156,358660000
2023-04-20,27.04850196838379,27.104000091552734,28.030000686645508,27.0,27.67099952697754,427713000
2023-04-21,27.063472747802734,27.118999481201172,27.183000564575195,26.722000122070312,26.95199966430664,345103000
2023-04-24,26.98663330078125,27.04199981689453,27.365999221801758,26.67099952697754,27.01300048828125,339282000
2023-04-25,26.187271118164062,26.240999221801758,27.246999740600586,26.225000381469727,27.077999114990234,378527000
2023-04-26,26.900802612304688,26.95599937438965,27.329999923706055,26.704999923706055,27.00200080871582,406337000
2023-04-27,27.170251846313477,27.22599983215332,27.4950008392334,26.625,27.363000869750977,377161000
2023-04-28,27.692180633544922,27.749000549316406,27.757999420166016,27.070999145507812,27.225000381469727,292216000
2023-05-01,28.850805282592773,28.90999984741211,29.058000564575195,27.780000686645508,27.84000015258789,570329000
2023-05-02,28.152236938476562,28.209999084472656,28.836000442504883,28.08300018310547,28.68000030517578,402730000
2023-05-03,27.745073318481445,27.802000045776367,28.367000579833984,27.472000122070312,27.84000015258789,383387000
2023-05-04,27.505565643310547,27.562000274658203,27.858999252319336,27.239999771118164,27.650999069213867,321850000
2023-05-05,28.621273040771484,28.68000030517578,28.7549991607666,27.731000900268555,27.826000213623047,361494000
2023-05-08,29.0913143157959,29.150999069213867,29.219999313354492,28.350000381469727,28.52199935913086,344979000
2023-05-09,28.512496948242188,28.570999145507812,28.972999572753906,28.450000762939453,28.89900016784668,314869000
2023-05-10,28.825851440429688,28.885000228881836,29.113000869750977,28.461000442504883,29.0049991607666,369350000
2023-05-11,28.51948356628418,28.577999114990234,28.950000762939453,28.246000289916992,28.895999908447266,322149000
2023-05-12,28.281970977783203,28.34000015258789,28.780000686645508,28.04599952697754,28.52899932861328,274222000
2023-05-15,28.893714904785156,28.952999114990234,28.9689998626709,28.152000427246094,28.507999420166016,293926000
2023-05-16,29.153181076049805,29.21299934387207,29.8700008392334,28.832000732421875,28.840999603271484,449405000
2023-05-17,30.116207122802734,30.17799949645996,30.198999404907227,29.43000030517578,29.583999633789062,432535000
2023-05-18,31.61313819885254,31.67799949645996,31.827999114990234,30.31999969482422,30.40999984741211,748725000
2023-05-19,31.199983596801758,31.263999938964844,31.579999923706055,30.916000366210938,31.535999298095703,473908000
2023-05-22,31.112163543701172,31.176000595092773,31.520000457763672,30.68000030517578,30.900999069213867,372000000
2023-05-23,30.625160217285156,30.687999725341797,31.288000106811523,30.631000518798828,31.0,356253000
2023-05-24,30.475475311279297,30.538000106811523,30.60700035095215,29.805999755859375,30.209999084472656,721419000
2023-05-25,37.9022331237793,37.97999954223633,39.47999954223633,36.6349983215332,38.52299880981445,1543911000
2023-05-26,38.86625289916992,38.94599914550781,39.16999816894531,37.54999923706055,37.88999938964844,714397000
2023-05-30,40.02886962890625,40.111000061035156,41.9379997253418,39.94900131225586,40.595001220703125,923401000
2023-05-31,37.756534576416016,37.83399963378906,40.29499816894531,37.821998596191406,39.487998962402344,1002580000
2023-06-01,39.68857192993164,39.77000045776367,40.04999923706055,38.34000015258789,38.48899841308594,635873000
2023-06-02,39.2464714050293,39.32699966430664,40.5,39.05799865722656,40.09700012207031,482731000
2023-06-05,39.090797424316406,39.17100143432617,39.564998626708984,38.707000732421875,38.909000396728516,396094000
2023-06-06,38.57485580444336,38.65399932861328,39.15999984741211,38.14799880981445,38.83000183105469,388729000
2023-06-07,37.40213394165039,37.474998474121094,39.499000549316406,37.35599899291992,38.915000915527344,511998000
2023-06-08,38.435123443603516,38.5099983215332,38.86399841308594,37.505001068115234,37.7239990234375,417772000
2023-06-09,38.69462203979492,38.77000045776367,39.71099853515625,38.56700134277344,39.0369987487793,427717000
2023-06-12,39.40523147583008,39.481998443603516,39.529998779296875,38.61800003051758,39.20000076293945,388701000
2023-06-13,40.942237854003906,41.02199935913086,41.10100173950195,39.7400016784668,40.18600082397461,613208000
2023-06-14,42.91340255737305,42.99700164794922,43.0,40.551998138427734,40.82400131225586,740465000
2023-06-15,42.570068359375,42.65299987792969,43.28900146484375,42.14699935913086,42.60200119018555,568622000
2023-06-16,42.60899353027344,42.69200134277344,43.72100067138672,42.6609992980957,43.45000076293945,655709000
2023-06-20,43.72282409667969,43.80799865722656,43.9900016784668,42.67399978637695,42.99800109863281,451153000
2023-06-21,42.96131134033203,43.04499816894531,43.6150016784668,42.08000183105469,43.500999450683594,551603000
2023-06-22,42.94135284423828,43.025001525878906,43.42599868774414,42.23400115966797,42.25299835205078,417737000
2023-06-23,42.12693786621094,42.20899963378906,42.808998107910156,42.01499938964844,42.4640007019043,358140000
2023-06-26,40.553001403808594,40.63199996948242,42.763999938964844,40.099998474121094,42.46099853515625,594322000
2023-06-27,41.79458236694336,41.875999450683594,41.939998626708984,40.448001861572266,40.79899978637695,462175000
2023-06-28,41.03705978393555,41.117000579833984,41.845001220703125,40.518001556396484,40.65999984741211,582639000
2023-06-29,40.74263000488281,40.821998596191406,41.599998474121094,40.599998474121094,41.55799865722656,380514000
2023-06-30,42.219749450683594,42.301998138427734,42.54999923706055,41.500999450683594,41.68000030517578,501148000
2023-07-03,42.33053207397461,42.41299819946289,42.89799880981445,42.20199966430664,42.516998291015625,198209000
2023-07-05,42.23472213745117,42.31700134277344,43.176998138427734,42.084999084472656,42.1349983215332,323618000
2023-07-06,42.02114486694336,42.10300064086914,42.17900085449219,41.34600067138672,41.84400177001953,303582000
2023-07-07,42.42036056518555,42.50299835205078,43.2140007019043,42.18000030517578,42.321998596191406,355881000
2023-07-10,42.09798049926758,42.18000030517578,42.81100082397461,41.64899826049805,42.65700149536133,353908000
2023-07-11,42.322547912597656,42.404998779296875,42.757999420166016,42.06700134277344,42.48099899291992,298244000
2023-07-12,43.8166389465332,43.902000427246094,43.935001373291016,42.777000427246094,43.03300094604492,481277000
2023-07-13,45.88760757446289,45.97700119018555,46.154998779296875,44.492000579833984,44.518001556396484,478204000
2023-07-14,45.38059616088867,45.46900177001953,48.0880012512207,45.060001373291016,46.58300018310547,772075000
2023-07-17,46.37065887451172,46.46099853515625,46.49599838256836,45.262001037597656,46.28900146484375,510488000
2023-07-18,47.401649475097656,47.49399948120117,47.895999908447266,45.73400115966797,46.70100021362305,569164000
2023-07-19,46.98546600341797,47.07699966430664,47.81800079345703,46.742000579833984,47.4640007019043,427502000
2023-07-20,45.431495666503906,45.52000045776367,47.08700180053711,45.0620002746582,46.50699996948242,537865000
2023-07-21,44.222843170166016,44.308998107910156,45.86600112915039,44.099998474121094,45.78799819946289,963769000
2023-07-24,44.52525329589844,44.61199951171875,45.10900115966797,44.040000915527344,44.73099899291992,382516000
2023-07-25,45.59018325805664,45.67900085449219,46.18299865722656,44.92300033569336,44.941001892089844,348081000
2023-07-26,45.36362838745117,45.45199966430664,46.053001403808594,44.630001068115234,46.020999908447266,364237000
2023-07-27,45.81075668334961,45.900001525878906,47.39500045776367,45.75,46.51900100708008,455976000
2023-07-28,46.65910339355469,46.75,47.027000427246094,46.38100051879883,46.667999267578125,331194000
2023-07-31,46.63814163208008,46.729000091552734,47.130001068115234,46.50600051879883,46.75400161743164,251055000
2023-08-01,46.41657257080078,46.50699996948242,46.900001525878906,46.027000427246094,46.459999084472656,237858000
2023-08-02,44.182926177978516,44.26900100708008,45.84000015258789,43.387001037597656,45.83100128173828,530142000
2023-08-03,44.42844772338867,44.51499938964844,45.11800003051758,43.79999923706055,43.79999923706055,324176000
2023-08-04,44.59313201904297,44.68000030517578,45.641998291015625,44.393001556396484,44.98500061035156,362666000
2023-08-07,45.32869338989258,45.41699981689453,45.540000915527344,44.5629997253418,45.111000061035156,322154000
2023-08-08,44.577152252197266,44.66400146484375,45.242000579833984,44.055999755859375,44.85300064086914,353843000
2023-08-09,42.47126007080078,42.55400085449219,44.3120002746582,42.13399887084961,44.27399826049805,586449000
2023-08-10,42.305580139160156,42.38800048828125,43.57400131225586,41.834999084472656,42.15999984741211,492705000
2023-08-11,40.77556228637695,40.85499954223633,42.018001556396484,40.638999938964844,41.750999450683594,533085000
2023-08-14,43.667930603027344,43.75299835205078,43.79999923706055,40.31100082397461,40.486000061035156,690286000
2023-08-15,43.85456848144531,43.939998626708984,45.268001556396484,43.709999084472656,44.560001373291016,676512000
2023-08-16,43.40144729614258,43.486000061035156,44.67499923706055,43.40599822998047,44.52000045776367,527451000
2023-08-17,43.25972366333008,43.34400177001953,44.0620002746582,43.000999450683594,43.970001220703125,452395000
2023-08-18,43.214813232421875,43.29899978637695,43.577999114990234,41.65999984741211,42.6349983215332,583768000
2023-08-21,46.87568283081055,46.96699905395508,47.064998626708984,44.22200012207031,44.49399948120117,692573000
2023-08-22,45.57920455932617,45.667999267578125,48.1870002746582,45.33300018310547,48.1349983215332,755293000
2023-08-23,47.02438735961914,47.11600112915039,47.20000076293945,45.20800018310547,45.86600112915039,779046000
2023-08-24,47.071292877197266,47.16299819946289,50.26599884033203,47.159000396728516,50.215999603271484,1156044000
2023-08-25,45.928524017333984,46.018001556396484,47.80500030517578,45.02399826049805,47.012001037597656,925341000
2023-08-28,46.74393844604492,46.834999084472656,46.97999954223633,44.88800048828125,46.481998443603516,685192000
2023-08-29,48.689144134521484,48.784000396728516,49.08100128173828,46.39099884033203,46.66600036621094,701397000
2023-08-30,49.168212890625,49.263999938964844,49.926998138427734,48.42499923706055,49.04399871826172,735206000
2023-08-31,49.25904083251953,49.35499954223633,49.74399948120117,48.95800018310547,49.380001068115234,528570000
2023-09-01,48.414676666259766,48.50899887084961,49.79999923706055,48.141998291015625,49.762001037597656,463830000
2023-09-05,48.4536018371582,48.54800033569336,48.85100173950195,47.86000061035156,48.222999572753906,382653000
2023-09-06,46.97336196899414,47.06100082397461,48.54899978637695,46.58000183105469,48.441001892089844,468670000
2023-09-07,46.15489196777344,46.24100112915039,46.34400177001953,45.152000427246094,45.525001525878906,433330000
2023-09-08,45.48712921142578,45.571998596191406,46.60599899291992,45.270999908447266,45.94200134277344,473069000
2023-09-11,45.093875885009766,45.178001403808594,46.16299819946289,44.3120002746582,46.14799880981445,473966000
2023-09-12,44.78645324707031,44.869998931884766,45.67300033569336,44.53099822998047,44.737998962402344,349256000
2023-09-13,45.40030288696289,45.48500061035156,45.93000030517578,44.50299835205078,44.599998474121094,398355000
2023-09-14,45.496124267578125,45.58100128173828,45.98699951171875,45.13100051879883,45.95000076293945,370097000
2023-09-15,43.81825256347656,43.900001525878906,45.5989990234375,43.80799865722656,45.340999603271484,506831000
2023-09-18,43.884124755859375,43.965999603271484,44.242000579833984,42.0,42.74800109863281,500271000
2023-09-19,43.43897247314453,43.52000045776367,43.965999603271484,43.00199890136719,43.83300018310547,373064000
2023-09-20,42.160343170166016,42.23899841308594,43.90299987792969,42.222999572753906,43.599998474121094,367108000
2023-09-21,40.94061279296875,41.016998291015625,42.099998474121094,40.97999954223633,41.58300018310547,450736000
2023-09-22,41.532527923583984,41.61000061035156,42.1150016784668,41.23099899291992,41.571998596191406,479236000
2023-09-25,42.143375396728516,42.22200012207031,42.5359992980957,41.176998138427734,41.590999603271484,419091000
2023-09-26,41.83295440673828,41.9109992980957,42.81999969482422,41.654998779296875,42.000999450683594,402282000
2023-09-27,42.388916015625,42.46799850463867,42.87200164794922,41.62900161743164,42.33000183105469,444935000
2023-09-28,43.00877380371094,43.0890007019043,43.44599914550781,42.1150016784668,42.459999084472656,424663000
2023-09-29,43.41800308227539,43.499000549316406,44.14400100708008,43.30699920654297,43.82699966430664,397830000
2023-10-02,44.698612213134766,44.78200149536133,45.17499923706055,43.861000061035156,44.029998779296875,433298000
2023-10-03,43.435970306396484,43.516998291015625,45.130001068115234,43.24599838256836,44.80799865722656,470850000
2023-10-04,43.95899200439453,44.04100036621094,44.143001556396484,43.29199981689453,43.742000579833984,361821000
2023-10-05,44.60478591918945,44.6879997253418,44.900001525878906,43.88800048828125,44.04999923706055,393483000
2023-10-06,45.676788330078125,45.762001037597656,45.78900146484375,44.0260009765625,44.19300079345703,434436000
2023-10-09,45.18870162963867,45.27299880981445,45.60499954223633,44.36800003051758,44.84199905395508,409675000
2023-10-10,45.71271896362305,45.79800033569336,46.25899887084961,45.0880012512207,45.310001373291016,368582000
2023-10-11,46.718841552734375,46.805999755859375,46.85900115966797,46.04999923706055,46.19599914550781,378137000
2023-10-12,46.85757827758789,46.94499969482422,47.60900115966797,46.33000183105469,46.777000427246094,481325000
2023-10-13,45.3763427734375,45.46099853515625,47.11600112915039,45.279998779296875,46.959999084472656,474115000
2023-10-16,46.0091667175293,46.095001220703125,46.224998474121094,44.9119987487793,45.0629997253418,375099000
2023-10-17,43.85618591308594,43.9379997253418,44.75400161743164,42.47999954223633,44.0,812333000
2023-10-18,42.117427825927734,42.19599914550781,43.21900177001953,41.82500076293945,42.590999603271484,627294000
2023-10-19,42.02260971069336,42.10100173950195,43.297000885009766,41.88199996948242,42.81100082397461,501233000
2023-10-20,41.309940338134766,41.387001037597656,42.470001220703125,41.077999114990234,41.88999938964844,477266000
2023-10-23,42.89497375488281,42.974998474121094,43.24800109863281,40.94499969482422,41.229000091552734,478530000
2023-10-24,43.58169937133789,43.66299819946289,43.696998596191406,42.691001892089844,43.07699966430664,401463000
2023-10-25,41.701202392578125,41.77899932861328,43.650001525878906,41.55500030517578,43.39799880981445,398379000
2023-10-26,40.25090789794922,40.32600021362305,42.25600051879883,39.880001068115234,41.85300064086914,541001000
2023-10-27,40.42458724975586,40.5,41.20600128173828,40.01499938964844,41.130001068115234,416784000
2023-10-30,41.084354400634766,41.1609992980957,41.76599884033203,40.48099899291992,41.08700180053711,388028000
2023-10-31,40.704063415527344,40.779998779296875,40.87900161743164,39.22999954223633,40.45000076293945,517969000
2023-11-01,42.24618911743164,42.32500076293945,42.38100051879883,40.86899948120117,40.88399887084961,437593000
2023-11-02,43.42498779296875,43.50600051879883,43.88399887084961,42.89400100708008,43.327999114990234,409172000
2023-11-03,44.92119598388672,45.005001068115234,45.308998107910156,43.722999572753906,44.02000045776367,424610000
2023-11-06,45.66580581665039,45.750999450683594,45.935001373291016,44.89899826049805,45.28499984741211,400733000
2023-11-07,45.86943054199219,45.95500183105469,46.21799850463867,45.15800094604492,45.71900177001953,343165000
2023-11-08,46.48727798461914,46.57400131225586,46.867000579833984,45.96799850463867,46.099998474121094,346719000
2023-11-09,46.86257553100586,46.95000076293945,48.22999954223633,46.75,47.46699905395508,540496000
2023-11-10,48.244991302490234,48.334999084472656,48.47200012207031,47.28300094604492,47.5,421245000
2023-11-13,48.52946090698242,48.619998931884766,49.11600112915039,48.0989990234375,48.31999969482422,384136000
2023-11-14,49.56352996826172,49.65599822998047,49.83399963378906,49.040000915527344,49.68000030517578,416954000
2023-11-15,48.796966552734375,48.88800048828125,49.959999084472656,48.20000076293945,49.935001373291016,475497000
2023-11-16,49.38786315917969,49.47999954223633,49.525001525878906,48.33000183105469,48.67900085449219,339756000
2023-11-17,49.206207275390625,49.29800033569336,49.71699905395508,49.00699996948242,49.52399826049805,325205000
2023-11-20,50.315128326416016,50.409000396728516,50.54800033569336,49.180999755859375,49.3120002746582,414120000
2023-11-21,49.85099411010742,49.944000244140625,50.516998291015625,49.22200012207031,50.125999450683594,565747000
2023-11-22,48.62528610229492,48.715999603271484,50.334999084472656,47.689998626708984,49.85200119018555,899420000
2023-11-24,47.68703842163086,47.7760009765625,48.92100143432617,47.744998931884766,48.470001220703125,294645000
2023-11-27,48.15217208862305,48.242000579833984,48.529998779296875,47.652000427246094,47.79999923706055,395662000
2023-11-28,47.73196029663086,47.82099914550781,48.323001861572266,47.472999572753906,48.236000061035156,401491000
2023-11-29,48.050357818603516,48.13999938964844,48.762001037597656,47.86000061035156,48.37900161743164,382005000
2023-11-30,46.68291473388672,46.77000045776367,48.11000061035156,46.422000885009766,48.02399826049805,526247000
2023-12-01,46.67792510986328,46.76499938964844,47.20000076293945,46.1870002746582,46.525001525878906,369317000
2023-12-04,45.42525100708008,45.5099983215332,46.07699966430664,45.0099983215332,46.07699966430664,437543000
2023-12-05,46.483375549316406,46.566001892089844,46.599998474121094,45.270999908447266,45.465999603271484,371718000
2023-12-06,45.4222526550293,45.50299835205078,47.387001037597656,45.4119987487793,47.21500015258789,380590000
2023-12-07,46.51332473754883,46.59600067138672,46.62900161743164,45.604000091552734,45.70000076293945,350823000
2023-12-08,47.42171096801758,47.50600051879883,47.74100112915039,46.54999923706055,46.595001220703125,359224000
2023-12-11,46.54426956176758,46.62699890136719,47.53099822998047,45.83000183105469,47.49100112915039,509728000
2023-12-12,47.57244873046875,47.65700149536133,47.66600036621094,46.04600143432617,46.04600143432617,372387000
2023-12-13,48.00267791748047,48.0880012512207,48.59400177001953,47.608001708984375,47.62900161743164,447792000
2023-12-14,48.26420974731445,48.349998474121094,48.66999816894531,47.422000885009766,48.38999938964844,391232000
2023-12-15,48.803253173828125,48.88999938964844,49.40399932861328,48.119998931884766,48.194000244140625,479948000
2023-12-18,49.9881477355957,50.07699966430664,50.43299865722656,49.150001525878906,49.400001525878906,412587000
2023-12-19,49.515987396240234,49.604000091552734,49.70000076293945,48.89500045776367,49.42399978637695,464444000
2023-12-20,48.025634765625,48.111000061035156,49.999000549316406,48.097999572753906,49.654998779296875,397894000
2023-12-21,48.90306854248047,48.9900016784668,49.095001220703125,48.41899871826172,48.81100082397461,300425000
2023-12-22,48.743350982666016,48.83000183105469,49.382999420166016,48.46699905395508,49.19499969482422,252507000
2023-12-26,49.19156265258789,49.27899932861328,49.599998474121094,48.959999084472656,48.96799850463867,244200000
2023-12-27,49.32931900024414,49.41699981689453,49.68000030517578,49.084999084472656,49.51100158691406,233648000
2023-12-28,49.43412780761719,49.52199935913086,49.88399887084961,49.4119987487793,49.643001556396484,246587000
2023-12-29,49.43412780761719,49.52199935913086,49.99700164794922,48.750999450683594,49.8129997253418,389293000
2024-01-02,48.0825309753418,48.167999267578125,49.29499816894531,47.595001220703125,49.24399948120117,411254000
2024-01-03,47.484596252441406,47.569000244140625,48.183998107910156,47.31999969482422,47.48500061035156,320896000
2024-01-04,47.912837982177734,47.99800109863281,48.5,47.507999420166016,47.766998291015625,306535000
2024-01-05,49.0098876953125,49.09700012207031,49.547000885009766,48.305999755859375,48.46200180053711,415039000
2024-01-08,52.1602897644043,52.25299835205078,52.275001525878906,49.479000091552734,49.512001037597656,642510000
2024-01-09,53.045719146728516,53.13999938964844,54.32500076293945,51.689998626708984,52.4010009765625,773100000
2024-01-10,54.25356674194336,54.349998474121094,54.599998474121094,53.48899841308594,53.61600112915039,533796000
2024-01-11,54.724727630615234,54.821998596191406,55.34600067138672,53.560001373291016,54.999000549316406,596759000
2024-01-12,54.61292266845703,54.709999084472656,54.970001220703125,54.33000183105469,54.619998931884766,352994000
2024-01-16,56.281959533691406,56.38199996948242,56.834999084472656,54.900001525878906,55.018001556396484,449580000
2024-01-17,55.95354461669922,56.053001403808594,56.47100067138672,54.7400016784668,56.34700012207031,474394000
2024-01-18,57.005672454833984,57.106998443603516,57.599998474121094,56.106998443603516,57.2599983215332,491650000
2024-01-19,59.385440826416016,59.49100112915039,59.5,57.224998474121094,57.98899841308594,543501000
2024-01-22,59.54815673828125,59.65399932861328,60.33100128173828,59.06999969482422,60.04899978637695,452955000
2024-01-23,59.76676940917969,59.87300109863281,59.90999984741211,58.584999084472656,59.56999969482422,294654000
2024-01-24,61.253116607666016,61.36199951171875,62.8489990234375,59.9379997253418,60.30400085449219,560271000
2024-01-25,61.50767135620117,61.617000579833984,62.71900177001953,60.849998474121094,62.349998474121094,482777000
2024-01-26,60.922706604003906,61.03099822998047,61.78300094604492,60.573001861572266,60.959999084472656,390309000
2024-01-29,62.35416793823242,62.46500015258789,62.48899841308594,60.90700149536133,61.231998443603516,348733000
2024-01-30,62.66261672973633,62.77399826049805,63.49300003051758,62.2599983215332,62.900001525878906,410735000
2024-01-31,61.41782760620117,61.527000427246094,62.26900100708008,60.70000076293945,61.439998626708984,453795000
2024-02-01,62.91516876220703,63.027000427246094,63.191001892089844,61.650001525878906,62.099998474121094,369146000
2024-02-02,66.0426254272461,66.16000366210938,66.5999984741211,63.689998626708984,63.9739990234375,476578000
2024-02-05,69.20897674560547,69.33200073242188,69.49700164794922,67.20500183105469,68.2249984741211,680078000
2024-02-06,68.1019515991211,68.2229995727539,69.75399780273438,66.30000305175781,69.62999725341797,683111000
2024-02-07,69.97462463378906,70.0989990234375,70.22000122070312,67.5999984741211,68.31900024414062,495575000
2024-02-08,69.5174331665039,69.64099884033203,70.79399871826172,69.45500183105469,70.0739974975586,414422000
2024-02-09,72.00502014160156,72.13300323486328,72.18499755859375,70.21199798583984,70.53299713134766,436637000
2024-02-12,72.11980438232422,72.24800109863281,74.61100006103516,71.25,72.5999984741211,613710000
2024-02-13,72.00003051757812,72.12799835205078,73.44999694824219,69.62000274658203,70.4000015258789,602580000
2024-02-14,73.76888275146484,73.9000015258789,74.23600006103516,71.93800354003906,73.2020034790039,504917000
2024-02-15,72.52909088134766,72.65799713134766,73.9749984741211,72.4000015258789,73.86900329589844,420122000
2024-02-16,72.48416137695312,72.61299896240234,74.4020004272461,72.5009994506836,74.0999984741211,495327000
2024-02-20,69.32878112792969,69.4520034790039,71.95600128173828,67.73400115966797,71.9469985961914,704833000
2024-02-21,67.35228729248047,67.47200012207031,68.88800048828125,66.24800109863281,68.00599670410156,673755000
2024-02-22,78.3986587524414,78.53800201416016,78.57499694824219,74.22000122070312,75.0250015258789,865100000
2024-02-23,78.67715454101562,78.81700134277344,82.39399719238281,77.56999969482422,80.79000091552734,829388000
2024-02-26,78.95166778564453,79.09200286865234,80.64600372314453,78.50499725341797,79.69999694824219,503973000
2024-02-27,78.56136322021484,78.70099639892578,79.4800033569336,77.16200256347656,79.38099670410156,391705000
2024-02-28,77.52519989013672,77.66300201416016,78.93299865722656,77.125,77.62000274658203,393110000
2024-02-29,78.97164154052734,79.11199951171875,79.98999786376953,78.3499984741211,79.09400177001953,507289000
2024-03-01,82.13301086425781,82.27899932861328,82.30000305175781,79.43499755859375,80.0,479135000
2024-03-04,85.08576202392578,85.23699951171875,87.69499969482422,83.71900177001953,84.12999725341797,615616000
2024-03-05,85.81550598144531,85.96399688720703,86.09700012207031,83.41699981689453,85.2699966430664,520639000
2024-03-06,88.54676818847656,88.69999694824219,89.7239990234375,87.02999877929688,88.02200317382812,582520000
2024-03-07,92.50891876220703,92.66899871826172,92.76699829101562,89.60199737548828,90.15799713134766,608119000
2024-03-08,87.37678527832031,87.52799987792969,97.4000015258789,86.50599670410156,95.13800048828125,1142269000
2024-03-11,85.6258316040039,85.77400207519531,88.7969970703125,84.16600036621094,86.42900085449219,678364000
2024-03-12,91.75421142578125,91.91300201416016,91.95999908447266,86.1500015258789,88.04900360107422,668075000
2024-03-13,90.73098754882812,90.88800048828125,91.50399780273438,88.43499755859375,91.05500030517578,635713000
2024-03-14,87.79208374023438,87.94400024414062,90.64600372314453,86.5999984741211,89.5770034790039,602318000
2024-03-15,87.68527221679688,87.83699798583984,89.5459976196289,86.25700378417969,86.93000030517578,642086000
2024-03-18,88.30219268798828,88.45500183105469,92.40499877929688,87.08499908447266,90.38800048828125,668976000
2024-03-19,89.24356842041016,89.39800262451172,90.54399871826172,85.01000213623047,86.69999694824219,672171000
2024-03-20,90.21588897705078,90.37200164794922,90.41000366210938,88.2229995727539,89.7969970703125,479063000
2024-03-21,91.27703857421875,91.43499755859375,92.64800262451172,90.40499877929688,92.30000305175781,480372000
2024-03-22,94.12612915039062,94.28900146484375,94.77799987792969,90.83399963378906,91.14099884033203,586719000
2024-03-25,94.83788299560547,95.00199890136719,96.76599884033203,93.51000213623047,93.94100189208984,552136000
2024-03-26,92.4011001586914,92.56099700927734,96.375,92.50199890136719,95.85099792480469,513648000
2024-03-27,90.0940933227539,90.25,93.23999786376953,89.12300109863281,93.11199951171875,586067000
2024-03-28,90.19992065429688,90.35600280761719,91.30000305175781,89.19300079345703,90.0,435212000
2024-04-01,90.2069091796875,90.36299896240234,92.2249984741211,89.2040023803711,90.29900360107422,452441000
2024-04-02,89.29747009277344,89.4520034790039,90.09400177001953,87.62000274658203,88.447998046875,433064000
2024-04-03,88.81031036376953,88.96399688720703,90.3740005493164,88.4000015258789,88.48400115966797,370067000
2024-04-04,85.75660705566406,85.90499877929688,90.63400268554688,85.87999725341797,90.40599822998047,434965000
2024-04-05,87.85596466064453,88.00800323486328,88.48100280761719,85.9260025024414,86.86599731445312,399678000
2024-04-08,86.98247528076172,87.13300323486328,88.83000183105469,86.73200225830078,88.69999694824219,283220000
2024-04-09,85.20655059814453,85.35399627685547,87.63500213623047,83.02200317382812,87.44200134277344,501700000
2024-04-10,86.8886489868164,87.03900146484375,87.4000015258789,83.70899963378906,83.9260025024414,431929000
2024-04-11,90.45945739746094,90.61599731445312,90.73899841308594,86.9260025024414,87.41999816894531,431637000
2024-04-12,88.03364562988281,88.18599700927734,90.17500305175781,87.52999877929688,89.6989974975586,426805000
2024-04-15,85.85242462158203,86.0009994506836,90.61299896240234,85.92900085449219,89.0979995727539,443077000
2024-04-16,87.26399230957031,87.41500091552734,88.11799621582031,86.06400299072266,86.43299865722656,370453000
2024-04-17,83.88983154296875,84.03500366210938,88.7750015258789,83.94999694824219,88.33999633789062,495400000
2024-04-18,84.52471923828125,84.6709976196289,86.19000244140625,82.4020004272461,84.97000122070312,447260000
2024-04-19,76.068359375,76.19999694824219,84.3239974975586,75.60600280761719,83.1500015258789,875198000
2024-04-22,79.38063049316406,79.51799774169922,80.072998046875,76.4000015258789,78.10399627685547,596341000
2024-04-23,82.28060913085938,82.4229965209961,82.76899719238281,80.26399993896484,80.76899719238281,438559000
2024-04-24,79.53936004638672,79.677001953125,84.08200073242188,79.18299865722656,83.94999694824219,512208000
2024-04-25,82.4892578125,82.63200378417969,83.322998046875,78.2229995727539,78.86799621582031,424641000
2024-04-26,87.58344268798828,87.73500061035156,88.33100128173828,83.38700103759766,83.81800079345703,551011000
2024-04-29,87.60540771484375,87.75700378417969,87.99199676513672,85.26599884033203,87.59500122070312,388971000
2024-04-30,86.25273895263672,86.4020004272461,88.81900024414062,86.30000305175781,87.23999786376953,363709000
2024-05-01,82.89754486083984,83.04100036621094,86.0,81.25499725341797,85.0770034790039,559863000
2024-05-02,85.66875457763672,85.81700134277344,86.23699951171875,83.19999694824219,84.4489974975586,377898000
2024-05-03,88.6356201171875,88.78900146484375,89.28099822998047,87.04000091552734,87.78900146484375,398341000
2024-05-06,91.98082733154297,92.13999938964844,92.22000122070312,89.05500030517578,89.38999938964844,376203000
2024-05-07,90.39756774902344,90.55400085449219,91.78099822998047,89.01100158691406,91.0979995727539,437342000
2024-05-08,90.25582122802734,90.41200256347656,91.19400024414062,89.41999816894531,89.48300170898438,325721000
2024-05-09,88.59368896484375,88.74700164794922,91.0719985961914,88.23100280761719,90.52899932861328,378013000
2024-05-10,89.72273254394531,89.87799835205078,91.4010009765625,89.22699737548828,90.30500030517578,335325000
2024-05-13,90.24283599853516,90.39900207519531,90.99800109863281,88.52899932861328,90.47799682617188,289680000
2024-05-14,91.19818115234375,91.35600280761719,91.6510009765625,88.93399810791016,89.5989990234375,296507000
2024-05-15,94.46653747558594,94.62999725341797,94.86199951171875,91.5989990234375,92.47200012207031,417735000
2024-05-16,94.19599914550781,94.35900115966797,95.81900024414062,94.10299682617188,94.91000366210938,323952000
2024-05-17,92.3192367553711,92.47899627685547,94.73999786376953,91.80599975585938,94.36900329589844,359691000
2024-05-20,94.61625671386719,94.77999877929688,95.19999694824219,93.44000244140625,93.75,318764000
2024-05-21,95.22122192382812,95.38600158691406,95.4000015258789,93.18000030517578,93.5989990234375,328946000
2024-05-22,94.78596496582031,94.94999694824219,96.0199966430664,93.2490005493164,95.45899963378906,548648000
2024-05-23,103.61968994140625,103.79900360107422,106.31999969482422,101.5199966430664,102.02799987792969,835065000
2024-05-24,106.28507232666016,106.46900177001953,106.4749984741211,103.0,104.4489974975586,429494000
2024-05-28,113.70423126220703,113.9010009765625,114.93900299072266,109.88300323486328,110.24400329589844,652728000
2024-05-29,114.62664794921875,114.82499694824219,115.49199676513672,110.9010009765625,113.05000305175781,557442000
2024-05-30,110.3091049194336,110.5,115.81900024414062,109.66300201416016,114.6500015258789,484553000
2024-05-31,109.44361114501953,109.63300323486328,112.71700286865234,106.94000244140625,112.5199966430664,613263000
2024-06-03,114.80133056640625,115.0,115.0,112.00299835205078,113.62100219726562,438392000
2024-06-04,116.23585510253906,116.43699645996094,116.5999984741211,114.04499816894531,115.71600341796875,403324000
2024-06-05,122.22850036621094,122.44000244140625,122.4489974975586,117.46800231933594,118.37100219726562,528402000
2024-06-06,120.78897857666016,120.99800109863281,125.58699798583984,118.31999969482422,124.0479965209961,664696000
2024-06-07,120.6791763305664,120.88800048828125,121.69200134277344,118.02200317382812,119.7699966430664,412386000
2024-06-10,121.57962036132812,121.79000091552734,123.0999984741211,117.01000213623047,120.37000274658203,313434100
2024-06-11,120.71105194091797,120.91000366210938,122.87000274658203,118.73999786376953,121.7699966430664,222551200
2024-06-12,124.99398803710938,125.19999694824219,126.87999725341797,122.56999969482422,123.05999755859375,299595000
2024-06-13,129.39674377441406,129.61000061035156,129.8000030517578,127.16000366210938,129.38999938964844,260704500
2024-06-14,131.66299438476562,131.8800048828125,132.83999633789062,128.32000732421875,129.9600067138672,309320400
2024-06-17,130.76446533203125,130.97999572753906,133.72999572753906,129.5800018310547,132.99000549316406,288504400
2024-06-18,135.35690307617188,135.5800018310547,136.3300018310547,130.69000244140625,131.13999938964844,294335100
2024-06-20,130.56480407714844,130.77999877929688,140.75999450683594,129.52000427246094,139.8000030517578,517768400
2024-06-21,126.36173248291016,126.56999969482422,130.6300048828125,124.30000305175781,127.12000274658203,649445800
2024-06-24,117.91564178466797,118.11000061035156,124.45999908447266,118.04000091552734,123.23999786376953,476060900
2024-06-25,125.88251495361328,126.08999633789062,126.5,119.31999969482422,121.19999694824219,414192600
2024-06-26,126.19200897216797,126.4000015258789,128.1199951171875,122.5999984741211,126.12999725341797,362975900
2024-06-27,123.78597259521484,123.98999786376953,126.41000366210938,122.91999816894531,124.0999984741211,252571700
2024-06-28,123.33672332763672,123.54000091552734,127.70999908447266,122.75,124.58000183105469,315516700
2024-07-01,124.09547424316406,124.30000305175781,124.83999633789062,118.83000183105469,123.47000122070312,284885500
2024-07-02,122.46815490722656,122.66999816894531,123.41000366210938,121.02999877929688,121.12999725341797,218374000
2024-07-03,128.0689239501953,128.27999877929688,128.27999877929688,121.36000061035156,121.66000366210938,215749000
2024-07-05,125.62294006347656,125.83000183105469,128.85000610351562,125.68000030517578,127.37999725341797,214176700
2024-07-08,127.9890365600586,128.1999969482422,130.77000427246094,127.04000091552734,127.48999786376953,237677300
2024-07-09,131.163818359375,131.3800048828125,133.82000732421875,128.64999389648438,130.35000610351562,285366600
2024-07-10,134.68801879882812,134.91000366210938,135.10000610351562,132.4199981689453,134.02999877929688,248978600
2024-07-11,127.19036102294922,127.4000015258789,136.14999389648438,127.05000305175781,135.75,374782700
2024-07-12,129.02734375,129.24000549316406,131.9199981689453,127.22000122070312,128.25999450683594,252680500
2024-07-15,128.2286376953125,128.44000244140625,131.38999938964844,127.18000030517578,130.55999755859375,208326200
2024-07-16,126.15208435058594,126.36000061035156,129.0399932861328,124.58000183105469,128.44000244140625,214769500
2024-07-17,117.79583740234375,117.98999786376953,121.8499984741211,116.72000122070312,121.3499984741211,390086200
2024-07-18,120.8907470703125,121.08999633789062,122.4000015258789,116.55999755859375,121.8499984741211,320979500
2024-07-19,117.73595428466797,117.93000030517578,121.5999984741211,117.37000274658203,120.3499984741211,217223800
2024-07-22,123.33672332763672,123.54000091552734,124.06999969482422,119.86000061035156,120.3499984741211,258068900
2024-07-23,122.38827514648438,122.58999633789062,124.69000244140625,122.0999984741211,122.77999877929688,173911000
2024-07-24,114.06201171875,114.25,119.94999694824219,113.44000244140625,119.16999816894531,327776900
2024-07-25,112.0952377319336,112.27999877929688,116.62999725341797,106.30000305175781,113.04000091552734,460067000
2024-07-26,112.87395477294922,113.05999755859375,116.19999694824219,111.58000183105469,116.19000244140625,293399100
2024-07-29,111.4063720703125,111.58999633789062,116.27999877929688,111.30000305175781,113.69000244140625,248152100
2024-07-30,103.55931091308594,103.7300033569336,111.98999786376953,102.54000091552734,111.5199966430664,486833300
2024-07-31,116.82743835449219,117.0199966430664,118.33999633789062,110.87999725341797,112.9000015258789,473174200
2024-08-01,109.03028869628906,109.20999908447266,120.16000366210938,106.80999755859375,117.52999877929688,523462300
2024-08-02,107.0934829711914,107.2699966430664,108.72000122070312,101.37000274658203,103.76000213623047,482027500
2024-08-05,100.28471374511719,100.44999694824219,103.41000366210938,90.69000244140625,92.05999755859375,552842400
2024-08-06,104.07846069335938,104.25,107.70999908447266,100.55000305175781,103.83999633789062,409012100
2024-08-07,98.74724578857422,98.91000366210938,108.80000305175781,98.69000244140625,107.80999755859375,411440400
2024-08-08,104.7972640991211,104.97000122070312,105.5,97.5199966430664,102.0,391910000
2024-08-09,104.57763671875,104.75,106.5999984741211,103.43000030517578,105.63999938964844,290844200
2024-08-12,108.84060668945312,109.0199966430664,111.06999969482422,106.26000213623047,106.31999969482422,325559900
2024-08-13,115.94889831542969,116.13999938964844,116.2300033569336,111.58000183105469,112.44000244140625,312646700
2024-08-14,117.88569641113281,118.08000183105469,118.5999984741211,114.06999969482422,118.52999877929688,339246400
2024-08-15,122.65784454345703,122.86000061035156,123.23999786376953,117.47000122070312,118.76000213623047,318086700
2024-08-16,124.37500762939453,124.58000183105469,125.0,121.18000030517578,121.94000244140625,302589900
2024-08-19,129.7860565185547,130.0,130.0,123.41999816894531,124.27999877929688,318333600
2024-08-20,127.04061126708984,127.25,129.8800048828125,125.88999938964844,128.39999389648438,300087400
2024-08-21,128.28855895996094,128.5,129.35000610351562,126.66000366210938,127.31999969482422,257883600
2024-08-22,123.536376953125,123.73999786376953,130.75,123.0999984741211,130.02000427246094,376189100
2024-08-23,129.15711975097656,129.3699951171875,129.60000610351562,125.22000122070312,125.86000061035156,323230300
2024-08-26,126.25191497802734,126.45999908447266,131.25999450683594,124.37000274658203,129.57000732421875,331964700
2024-08-27,128.0889129638672,128.3000030517578,129.1999969482422,123.87999725341797,125.05000305175781,303134600
2024-08-28,125.40331268310547,125.61000061035156,128.3300018310547,122.63999938964844,128.1199951171875,448101100
2024-08-29,117.3965072631836,117.58999633789062,124.43000030517578,116.70999908447266,121.36000061035156,453023300
2024-08-30,119.173583984375,119.37000274658203,121.75,117.22000122070312,119.52999877929688,333751600
2024-09-03,107.8222885131836,108.0,116.20999908447266,107.29000091552734,116.01000213623047,477155100
2024-09-04,106.03522491455078,106.20999908447266,113.2699966430664,104.12000274658203,105.41000366210938,372470300
2024-09-05,107.03358459472656,107.20999908447266,109.6500015258789,104.76000213623047,104.98999786376953,306850700
2024-09-06,102.66080474853516,102.83000183105469,108.1500015258789,100.94999694824219,108.04000091552734,413638100
2024-09-09,106.2947998046875,106.47000122070312,106.55000305175781,103.69000244140625,104.87999725341797,273912000
2024-09-10,107.92211151123047,108.0999984741211,109.4000015258789,104.94999694824219,107.80999755859375,268283700
2024-09-11,116.7176284790039,116.91000366210938,117.19000244140625,107.41999816894531,109.38999938964844,441422400
2024-09-12,118.95413970947266,119.13999938964844,120.79000091552734,115.37999725341797,116.83999633789062,366052700
2024-09-13,118.9141845703125,119.0999984741211,119.95999908447266,117.5999984741211,119.08000183105469,238358300
2024-09-16,116.59780883789062,116.77999877929688,118.18000030517578,114.36000061035156,116.79000091552734,248772300
2024-09-17,115.40966796875,115.58999633789062,118.80000305175781,114.83000183105469,118.16999816894531,231925900
2024-09-18,113.19313049316406,113.37000274658203,117.69999694824219,113.22000122070312,115.88999938964844,310318900
2024-09-19,117.68611145019531,117.87000274658203,119.66000366210938,117.25,117.3499984741211,293506400
2024-09-20,115.81902313232422,116.0,118.62000274658203,115.38999938964844,117.05999755859375,382462400
2024-09-23,116.07862854003906,116.26000213623047,116.98999786376953,114.86000061035156,116.55000305175781,206228500
2024-09-24,120.68143463134766,120.87000274658203,121.80000305175781,115.37999725341797,116.5199966430664,354966800
2024-09-25,123.31730651855469,123.51000213623047,124.94000244140625,121.61000061035156,122.0199966430664,284692900
2024-09-26,123.84648895263672,124.04000091552734,127.66999816894531,121.80000305175781,126.80000305175781,302582900
2024-09-27,121.2105941772461,121.4000015258789,124.02999877929688,119.26000213623047,123.97000122070312,271009200
2024-09-30,121.25054931640625,121.44000244140625,121.5,118.1500015258789,118.30999755859375,226553700
2024-10-01,116.81745910644531,117.0,122.44000244140625,115.79000091552734,121.7699966430664,302094500
2024-10-02,118.6645736694336,118.8499984741211,119.37999725341797,115.13999938964844,116.44000244140625,221845900
2024-10-03,122.65834045410156,122.8499984741211,124.36000061035156,120.33999633789062,120.91999816894531,277118000
2024-10-04,124.72510528564453,124.91999816894531,125.04000091552734,121.83000183105469,124.94000244140625,243678100
2024-10-07,127.52073669433594,127.72000122070312,130.63999938964844,124.94999694824219,124.98999786376953,346250200
2024-10-08,132.6826934814453,132.88999938964844,133.47999572753906,129.4199981689453,130.25999450683594,285722500
2024-10-09,132.44305419921875,132.64999389648438,134.52000427246094,131.3800048828125,134.11000061035156,246191600
2024-10-10,134.5996856689453,134.80999755859375,135.0,131.0,131.91000366210938,242311300
2024-10-11,134.5897216796875,134.8000030517578,135.77999877929688,133.66000366210938,134.00999450683594,170209500
2024-10-14,137.85459899902344,138.07000732421875,139.60000610351562,136.3000030517578,136.47000122070312,232347700
2024-10-15,131.3946990966797,131.60000610351562,138.57000732421875,128.74000549316406,137.8699951171875,377831000
2024-10-16,135.50827026367188,135.72000122070312,136.6199951171875,131.5800018310547,133.97999572753906,264879700
2024-10-17,136.71636962890625,136.92999267578125,140.88999938964844,136.8699951171875,139.33999633789062,306435900
2024-10-18,137.7847137451172,138.0,138.89999389648438,137.27999877929688,138.6699981689453,176090200
2024-10-21,143.4857940673828,143.7100067138672,143.7100067138672,138.0,138.1300048828125,264554500
2024-10-22,143.36599731445312,143.58999633789062,144.4199981689453,141.77999877929688,142.91000366210938,226311600
2024-10-23,139.34228515625,139.55999755859375,142.42999267578125,137.4600067138672,142.02999877929688,285930000
2024-10-24,140.19094848632812,140.41000366210938,141.35000610351562,138.4600067138672,140.82000732421875,172354900
2024-10-25,141.31918334960938,141.5399932861328,144.1300048828125,140.8000030517578,140.92999267578125,205122100
2024-10-28,140.30078125,140.52000427246094,143.13999938964844,140.0500030517578,143.0,173586700
2024-10-29,141.02963256835938,141.25,142.25999450683594,138.89999389648438,140.2899932861328,157593600
2024-10-30,139.12261962890625,139.33999633789062,140.3300018310547,136.80999755859375,139.5399932861328,179418100
2024-10-31,132.55287170410156,132.75999450683594,137.61000061035156,132.11000061035156,137.60000610351562,270039600
2024-11-01,135.18875122070312,135.39999389648438,137.30999755859375,134.57000732421875,134.6999969482422,207127800
2024-11-04,135.83775329589844,136.0500030517578,138.9600067138672,135.57000732421875,137.2100067138672,187528200
2024-11-05,139.6917266845703,139.91000366210938,140.3699951171875,137.3300018310547,137.4499969482422,160537400
2024-11-06,145.38282775878906,145.61000061035156,146.49000549316406,141.9600067138672,142.9600067138672,242043900
2024-11-07,148.6477508544922,148.8800048828125,148.92999267578125,146.1699981689453,146.38999938964844,207323300
2024-11-08,147.399658203125,147.6300048828125,149.77000427246094,146.25999450683594,148.77000427246094,175665800
2024-11-11,145.03338623046875,145.25999450683594,148.85000610351562,143.57000732421875,148.67999267578125,182325600
2024-11-12,148.0586395263672,148.2899932861328,149.64999389648438,146.00999450683594,146.77999877929688,198634700
2024-11-13,146.0417938232422,146.27000427246094,149.3300018310547,145.89999389648438,149.07000732421875,191903300
2024-11-14,146.53102111816406,146.75999450683594,149.0,145.5500030517578,147.63999938964844,194463300
2024-11-15,141.75848388671875,141.97999572753906,145.24000549316406,140.0800018310547,144.8699951171875,250132900
2024-11-18,139.93133544921875,140.14999389648438,141.5500030517578,137.14999389648438,139.5,221205300
2024-11-19,146.78065490722656,147.00999450683594,147.1300048828125,140.99000549316406,141.32000732421875,227834900
2024-11-20,145.6623992919922,145.88999938964844,147.55999755859375,142.72999572753906,147.41000366210938,309871700
2024-11-21,146.44119262695312,146.6699981689453,152.88999938964844,140.6999969482422,149.35000610351562,400946600
2024-11-22,141.7285614013672,141.9499969482422,147.16000366210938,141.10000610351562,145.92999267578125,236406200
2024-11-25,135.80780029296875,136.02000427246094,142.0500030517578,135.82000732421875,141.99000549316406,344941900
2024-11-26,136.70639038085938,136.9199981689453,139.3000030517578,135.6699981689453,137.6999969482422,190287700
2024-11-27,135.1288604736328,135.33999633789062,137.22000122070312,131.8000030517578,135.00999450683594,226370900
2024-11-29,138.03433227539062,138.25,139.35000610351562,136.0500030517578,136.77999877929688,141863200
2024-12-02,138.41372680664062,138.6300048828125,140.4499969482422,137.82000732421875,138.8300018310547,171682800
2024-12-03,140.0411834716797,140.25999450683594,140.5399932861328,137.9499969482422,138.25999450683594,164414000
2024-12-04,144.91354370117188,145.13999938964844,145.7899932861328,140.2899932861328,142.0,231224300
2024-12-05,144.84368896484375,145.05999755859375,146.5399932861328,143.9499969482422,145.11000061035156,172621200
2024-12-06,142.2275848388672,142.44000244140625,145.6999969482422,141.30999755859375,144.60000610351562,188505600
2024-12-09,138.6029815673828,138.80999755859375,139.9499969482422,137.1300048828125,138.97000122070312,189308600
2024-12-10,134.8685760498047,135.07000732421875,141.82000732421875,133.7899932861328,139.00999450683594,210020900
2024-12-11,139.10223388671875,139.30999755859375,140.1699981689453,135.2100067138672,137.36000061035156,184905200
2024-12-12,137.1351776123047,137.33999633789062,138.44000244140625,135.8000030517578,137.0800018310547,159211400
2024-12-13,134.0498046875,134.25,139.60000610351562,132.5399932861328,138.94000244140625,231514900
2024-12-16,131.8031463623047,132.0,134.39999389648438,130.4199981689453,134.17999267578125,237951100
2024-12-17,130.195556640625,130.38999938964844,131.58999633789062,126.86000061035156,129.08999633789062,259410300
2024-12-18,128.71774291992188,128.91000366210938,136.6999969482422,128.27999877929688,133.86000061035156,277444500
2024-12-19,130.485107421875,130.67999267578125,134.02999877929688,129.5500030517578,131.75999450683594,209719200
2024-12-20,134.49911499023438,134.6999969482422,135.27999877929688,128.22000122070312,129.80999755859375,306528600
2024-12-23,139.46170043945312,139.6699981689453,139.7899932861328,135.1199951171875,136.27999877929688,176053500
2024-12-24,140.0109100341797,140.22000122070312,141.89999389648438,138.64999389648438,140.0,105157000
2024-12-26,139.72132873535156,139.92999267578125,140.85000610351562,137.72999572753906,139.6999969482422,116205600
2024-12-27,136.80564880371094,137.00999450683594,139.02000427246094,134.7100067138672,138.5500030517578,170582600
2024-12-30,137.2849578857422,137.49000549316406,140.27000427246094,134.02000427246094,134.8300018310547,167734700
2024-12-31,134.08973693847656,134.2899932861328,138.07000732421875,133.8300018310547,138.02999877929688,155659200
2025-01-02,138.10372924804688,138.30999755859375,138.8800048828125,134.6300048828125,136.0,198247200
2025-01-03,144.2545623779297,144.47000122070312,144.89999389648438,139.72999572753906,140.00999450683594,229322500
2025-01-06,149.2071533203125,149.42999267578125,152.16000366210938,147.82000732421875,148.58999633789062,265377400
2025-01-07,139.93099975585938,140.13999938964844,153.1300048828125,140.00999450683594,153.02999877929688,351782200
2025-01-08,139.90106201171875,140.11000061035156,143.9499969482422,137.55999755859375,142.5800018310547,227349900
2025-01-10,135.7073211669922,135.91000366210938,139.9199981689453,134.22000122070312,137.4499969482422,207602500
2025-01-13,133.03131103515625,133.22999572753906,133.49000549316406,129.50999450683594,129.99000549316406,204808900
2025-01-14,131.56350708007812,131.75999450683594,136.3800048828125,130.0500030517578,136.0500030517578,195590500
2025-01-15,136.03683471679688,136.24000549316406,136.4499969482422,131.2899932861328,133.64999389648438,185217300
2025-01-16,133.3708038330078,133.57000732421875,138.75,133.49000549316406,138.63999938964844,209235600
2025-01-17,137.504638671875,137.7100067138672,138.5,135.4600067138672,136.69000244140625,201188800
2025-01-21,140.61997985839844,140.8300018310547,141.8300018310547,137.08999633789062,139.16000366210938,197749000
2025-01-22,146.85067749023438,147.07000732421875,147.7899932861328,143.6699981689453,144.66000366210938,237651400
2025-01-23,147.00047302246094,147.22000122070312,147.22999572753906,143.72000122070312,145.0500030517578,155915500
2025-01-24,142.40728759765625,142.6199951171875,148.97000122070312,141.8800048828125,148.3699951171875,234657600
2025-01-27,118.24339294433594,118.41999816894531,128.39999389648438,116.69999694824219,124.80000305175781,818830900
2025-01-28,128.7976531982422,128.99000549316406,129.0,116.25,121.80999755859375,579666400
2025-01-29,123.5155258178711,123.69999694824219,126.88999938964844,120.05000305175781,126.5,467120600
2025-01-30,124.464111328125,124.6500015258789,125.0,118.0999984741211,123.0999984741211,392925500
2025-01-31,119.89093017578125,120.06999969482422,127.8499984741211,119.19000244140625,123.77999877929688,388161100
2025-02-03,116.48603820800781,116.66000366210938,118.56999969482422,113.01000213623047,114.75,371235700
2025-02-04,118.47305297851562,118.6500015258789,121.19999694824219,116.69999694824219,116.95999908447266,256550000
2025-02-05,124.64384460449219,124.83000183105469,125.0,120.76000213623047,121.76000213623047,262230800
2025-02-06,128.4880828857422,128.67999267578125,128.77000427246094,125.20999908447266,127.41999816894531,251483600
2025-02-07,129.6463623046875,129.83999633789062,130.3699951171875,125.0,129.22000122070312,228186300
2025-02-10,133.3708038330078,133.57000732421875,135.0,129.9600067138672,130.08999633789062,216989100
2025-02-11,132.6019744873047,132.8000030517578,134.47999572753906,131.02000427246094,132.5800018310547,178902400
2025-02-12,130.94442749023438,131.13999938964844,132.24000549316406,129.0800018310547,130.02000427246094,160278600
2025-02-13,135.08824157714844,135.2899932861328,136.5,131.1699981689453,131.55999755859375,197430000
2025-02-14,138.6429443359375,138.85000610351562,139.25,135.5,136.47999572753906,195479600
2025-02-18,139.19212341308594,139.39999389648438,143.44000244140625,137.92999267578125,141.27000427246094,219176600
2025-02-19,139.02235412597656,139.22999572753906,141.36000061035156,137.22000122070312,139.50999450683594,167536000
2025-02-20,139.90106201171875,140.11000061035156,140.66000366210938,136.7899932861328,140.02999877929688,143903600
2025-02-21,134.22950744628906,134.42999267578125,141.4600067138672,134.02999877929688,140.0399932861328,228217600
2025-02-24,130.08570861816406,130.27999877929688,138.58999633789062,130.0800018310547,136.55999755859375,251381100
2025-02-25,126.4411392211914,126.62999725341797,130.1999969482422,124.44000244140625,129.97999572753906,271428700
2025-02-26,131.084228515625,131.27999877929688,133.72999572753906,128.49000549316406,129.99000549316406,322553800
2025-02-27,119.97081756591797,120.1500015258789,135.00999450683594,120.01000213623047,135.0,443175800
2025-02-28,124.73370361328125,124.91999816894531,125.08999633789062,116.4000015258789,118.0199966430664,389091100
2025-03-03,113.88990020751953,114.05999755859375,123.69999694824219,112.27999877929688,123.51000213623047,411381400
2025-03-04,115.81702423095703,115.98999786376953,119.30999755859375,110.11000061035156,110.6500015258789,398163300
2025-03-05,117.12506866455078,117.30000305175781,118.27999877929688,114.51000213623047,117.58000183105469,284337900
2025-03-06,110.40511322021484,110.56999969482422,115.3499984741211,110.22000122070312,113.52999877929688,321181900
2025-03-07,112.52194213867188,112.69000244140625,113.4800033569336,107.55999755859375,111.25,341755500
2025-03-10,106.8204574584961,106.9800033569336,111.8499984741211,105.45999908447266,109.9000015258789,366487400
2025-03-11,108.59781646728516,108.76000213623047,112.23999786376953,104.7699966430664,106.98999786376953,354865700
2025-03-12,115.57803344726562,115.73999786376953,116.76000213623047,112.87999725341797,114.12000274658203,323857500
2025-03-13,115.41825103759766,115.58000183105469,117.76000213623047,113.79000091552734,117.02999877929688,299033100
2025-03-14,121.49972534179688,121.66999816894531,121.87999725341797,118.1500015258789,118.61000061035156,277593500
2025-03-17,119.36272430419922,119.52999877929688,122.88999938964844,118.02999877929688,122.73999786376953,255501500
2025-03-18,115.2684555053711,115.43000030517578,119.0199966430664,114.54000091552734,118.0,299686900
2025-03-19,117.35552978515625,117.5199966430664,120.44999694824219,115.68000030517578,117.2699966430664,273426200
2025-03-20,118.3641128540039,118.52999877929688,120.19999694824219,116.47000122070312,116.55000305175781,248829700
2025-03-21,117.5352783203125,117.69999694824219,117.98999786376953,115.41999816894531,116.94000244140625,266498500
2025-03-24,121.24009704589844,121.41000366210938,122.22000122070312,119.33999633789062,119.87999725341797,228452500
2025-03-25,120.52111053466797,120.69000244140625,121.29000091552734,118.91999816894531,120.55000305175781,167447200
2025-03-26,113.60079956054688,113.76000213623047,118.83999633789062,112.70999908447266,118.7300033569336,293463300
2025-03-27,111.27406311035156,111.43000030517578,114.44999694824219,110.66000366210938,111.3499984741211,236902100
2025-03-28,109.51652526855469,109.66999816894531,112.87000274658203,109.06999969482422,111.48999786376953,229872500
2025-03-31,108.22832489013672,108.37999725341797,110.95999908447266,103.6500015258789,105.12999725341797,299212700
2025-04-01,109.995849609375,110.1500015258789,110.19999694824219,106.47000122070312,108.5199966430664,222614000
2025-04-02,110.26547241210938,110.41999816894531,111.9800033569336,106.79000091552734,107.29000091552734,220601200
2025-04-03,101.65753936767578,101.80000305175781,105.62999725341797,101.5999984741211,103.51000213623047,338769400
2025-04-04,94.17801666259766,94.30999755859375,100.12999725341797,92.11000061035156,98.91000366210938,532273800
2025-04-07,97.50334167480469,97.63999938964844,101.75,86.62000274658203,87.45999908447266,611041300
2025-04-08,96.16523742675781,96.30000305175781,105.8499984741211,94.45999908447266,103.80999755859375,476243400
2025-04-09,114.16999816894531,114.33000183105469,115.0999984741211,97.52999877929688,98.88999938964844,612918300
2025-04-10,107.4194564819336,107.56999969482422,110.86000061035156,99.1500015258789,109.37000274658203,437812400
2025-04-11,110.7747573852539,110.93000030517578,111.55000305175781,107.4800033569336,108.5,313417300
2025-04-14,110.55506134033203,110.70999908447266,114.29000091552734,109.06999969482422,114.11000061035156,264705000
2025-04-15,112.04297637939453,112.19999694824219,113.62000274658203,110.5,110.97000122070312,228966900
2025-04-16,104.3437728881836,104.48999786376953,106.79000091552734,100.44999694824219,104.55000305175781,397016900
2025-04-17,101.34796142578125,101.48999786376953,104.47000122070312,100.05000305175781,104.44999694824219,292517500
2025-04-21,96.7743911743164,96.91000366210938,99.44000244140625,95.04000091552734,98.7699966430664,288501100
2025-04-22,98.7516098022461,98.88999938964844,99.80999755859375,97.27999877929688,98.77999877929688,241004800
2025-04-23,102.5662612915039,102.70999908447266,104.80000305175781,102.0199966430664,104.5199966430664,247526000
2025-04-24,106.28104400634766,106.43000030517578,106.54000091552734,103.11000061035156,103.4800033569336,220815000
2025-04-25,110.85466003417969,111.01000213623047,111.91999816894531,105.7300033569336,106.8499984741211,251064700
2025-04-28,108.57783508300781,108.7300033569336,110.37000274658203,106.0199966430664,109.69000244140625,207708500
2025-04-29,108.867431640625,109.0199966430664,110.19999694824219,107.44000244140625,107.66999816894531,170444300
2025-04-30,108.76756286621094,108.91999816894531,108.91999816894531,104.08000183105469,104.47000122070312,235044600
2025-05-01,111.45380401611328,111.61000061035156,114.94000244140625,111.30000305175781,113.08000183105469,236121500
2025-05-02,114.33976745605469,114.5,115.4000015258789,113.37000274658203,114.18000030517578,190194800
2025-05-05,113.66072082519531,113.81999969482422,114.66999816894531,112.66000366210938,112.91000366210938,133163200
2025-05-06,113.38111877441406,113.54000091552734,114.73999786376953,110.81999969482422,111.4800033569336,158525600
2025-05-07,116.89617919921875,117.05999755859375,117.68000030517578,112.27999877929688,113.05000305175781,206758800
2025-05-08,117.20574951171875,117.37000274658203,118.68000030517578,115.8499984741211,118.25,198428100
2025-05-09,116.48675537109375,116.6500015258789,118.2300033569336,115.20999908447266,117.3499984741211,132972200
2025-05-12,122.82787322998047,123.0,123.0,120.27999877929688,121.97000122070312,225023300
2025-05-13,129.74815368652344,129.92999267578125,131.22000122070312,124.47000122070312,124.9800033569336,330430100
2025-05-14,135.15060424804688,135.33999633789062,135.44000244140625,131.67999267578125,133.1999969482422,281180800
2025-05-15,134.6413116455078,134.8300018310547,136.3000030517578,132.66000366210938,134.2899932861328,226632600
2025-05-16,135.21051025390625,135.39999389648438,136.35000610351562,133.4600067138672,136.22000122070312,226542500
2025-05-19,135.38027954101562,135.57000732421875,135.8699951171875,132.38999938964844,132.38999938964844,193154600
2025-05-20,134.19192504882812,134.3800048828125,134.5800018310547,132.6199951171875,134.2899932861328,161514200
2025-05-21,131.61557006835938,131.8000030517578,137.39999389648438,130.58999633789062,133.05999755859375,270608700
2025-05-22,132.6441192626953,132.8300018310547,134.25,131.5500030517578,132.22999572753906,187344000
2025-05-23,131.10626220703125,131.2899932861328,132.67999267578125,129.16000366210938,130.0,198821300
2025-05-27,135.31036376953125,135.5,135.66000366210938,133.30999755859375,134.14999389648438,192953600
2025-05-28,134.621337890625,134.80999755859375,137.25,134.7899932861328,136.02999877929688,304021100
2025-05-29,138.99520874023438,139.19000244140625,143.49000549316406,137.91000366210938,142.25,369241900
2025-05-30,134.94090270996094,135.1300048828125,139.6199951171875,132.9199981689453,138.72000122070312,333170900
